# This file uses centimeters as units for non-parametric coordinates.

mtllib Bed.mtl
g default
v -3.838830 -0.923616 -1.591603
v 3.838830 -0.923616 -1.591603
v -3.838830 -0.923616 -5.716103
v 3.838830 -0.923616 -5.716103
v 0.000000 -0.436370 -1.591603
v 0.000000 -0.923616 -1.591603
v 3.838830 -0.436370 -1.591603
v 0.000000 0.050876 -1.591603
v -3.838830 -0.436370 -1.591603
v 0.000000 0.050876 -3.653853
v 0.000000 -0.436370 -5.716103
v 3.838830 -0.436370 -5.716103
v 0.000000 -0.923616 -5.716103
v -3.838830 -0.436370 -5.716103
v 0.000000 -0.923616 -3.653853
v 3.838830 -0.923616 -3.653853
v -3.838830 -0.923616 -3.653853
v 3.838830 -0.436370 -3.653853
v -3.838830 -0.436370 -3.653853
v -1.919415 -0.679993 -1.591603
v -3.838830 -0.679993 -1.591603
v -1.919415 -0.923616 -1.591603
v 0.000000 -0.679993 -1.591603
v -1.919415 -0.436370 -1.591603
v -1.919415 0.050876 -2.622728
v -1.919415 0.050876 -1.591603
v 0.000000 0.050876 -2.622728
v -1.919415 0.050876 -3.653853
v -1.919415 -0.192735 -5.716103
v -3.838830 -0.192735 -5.716103
v 0.000000 -0.192735 -5.716103
v -1.919415 -0.436370 -5.716103
v -1.919415 -0.923616 -4.684978
v -3.838830 -0.923616 -4.684978
v -1.919415 -0.923616 -5.716103
v 0.000000 -0.923616 -4.684978
v -1.919415 -0.923616 -3.653853
v 3.838830 -0.679993 -2.622728
v 3.838830 -0.679993 -1.591603
v 3.838830 -0.923616 -2.622728
v 3.838830 -0.679993 -3.653853
v 3.838830 -0.436370 -2.622728
v -3.838830 -0.679993 -4.684978
v -3.838830 -0.679993 -5.716103
v -3.838830 -0.679993 -3.653853
v -3.838830 -0.436370 -4.684978
v 1.919415 -0.679993 -1.591603
v 1.919415 -0.923616 -1.591603
v 1.919415 -0.436370 -1.591603
v 1.919415 -0.192747 -1.591603
v 3.838830 -0.192735 -1.591603
v 1.919415 0.050876 -1.591603
v 0.000000 -0.192747 -1.591603
v -1.919415 -0.192747 -1.591603
v -3.838830 -0.192735 -1.591603
v 1.919415 0.050876 -2.622728
v 1.919415 0.050876 -3.653853
v 1.919415 0.050876 -4.684978
v 0.000000 0.050876 -4.684978
v -1.919415 0.050876 -4.684978
v 1.919415 -0.192735 -5.716103
v 3.838830 -0.192735 -5.716103
v 1.919415 -0.436370 -5.716103
v 1.919415 -0.679993 -5.716103
v 3.838830 -0.679993 -5.716103
v 1.919415 -0.923616 -5.716103
v 0.000000 -0.679993 -5.716103
v -1.919415 -0.679993 -5.716103
v 1.919415 -0.923616 -4.684978
v 3.838830 -0.923616 -4.684978
v 1.919415 -0.923616 -3.653853
v 1.919415 -0.923616 -2.622728
v 0.000000 -0.923616 -2.622728
v -1.919415 -0.923616 -2.622728
v -3.838830 -0.923616 -2.622728
v 3.838830 -0.679993 -4.684978
v 3.838830 -0.436370 -4.684978
v 3.838830 -0.192735 -4.684978
v 3.838830 -0.192735 -3.653853
v 3.838830 -0.192735 -2.622728
v -3.838830 -0.679993 -2.622728
v -3.838830 -0.436370 -2.622728
v -3.838830 -0.192735 -2.622728
v -3.838830 -0.192735 -3.653853
v -3.838830 -0.192735 -4.684978
v -3.595231 0.050876 -5.472505
v -3.717031 0.018240 -5.594305
v -3.806194 -0.070923 -5.683468
v -1.919415 -0.070923 -5.683468
v -1.919415 0.018240 -5.594305
v -1.919415 0.050876 -5.472505
v -3.595231 0.050876 -1.591603
v -3.717031 0.018240 -1.591603
v -3.806194 -0.070923 -1.591603
v -3.595231 0.050876 -2.622728
v -3.717031 0.018240 -2.622728
v -3.806194 -0.070923 -2.622728
v 3.595231 0.050876 -1.591603
v 3.806194 -0.070923 -1.591603
v 3.717031 0.018240 -1.591603
v 3.595231 0.050876 -2.622728
v 3.717031 0.018240 -2.622728
v 3.806194 -0.070923 -2.622728
v 3.806194 -0.070923 -3.653853
v 3.717031 0.018240 -3.653853
v 3.595231 0.050876 -3.653853
v 3.595231 0.050876 -4.684978
v 3.717031 0.018240 -4.684978
v 3.806194 -0.070923 -4.684978
v 0.000000 0.050876 -5.472505
v 0.000000 0.018240 -5.594305
v 0.000000 -0.070923 -5.683468
v 1.919415 0.050876 -5.472505
v 1.919415 0.018240 -5.594305
v 1.919415 -0.070923 -5.683468
v -3.595231 0.050876 -3.653853
v -3.717031 0.018240 -3.653853
v -3.806194 -0.070923 -3.653853
v -3.595231 0.050876 -4.684978
v -3.717031 0.018240 -4.684978
v -3.806194 -0.070923 -4.684978
v 3.595231 0.050876 -5.472505
v 3.717031 0.018240 -5.594305
v 3.806194 -0.070923 -5.683468
v -2.542887 -0.243177 1.833873
v -0.577238 -0.243177 1.833873
v -2.542887 0.125984 1.833873
v -0.577238 0.125984 1.833873
v -2.542887 0.125984 0.851250
v -0.577238 0.125984 0.851250
v -2.542887 -0.243177 0.851250
v -0.577238 -0.243177 0.851250
v -1.560062 -0.058597 1.895287
v -1.560062 -0.253271 1.860742
v -0.523490 -0.058597 1.860742
v -1.560062 0.136078 1.860742
v -2.596635 -0.058597 1.860742
v -1.560062 0.149057 1.342562
v -0.523490 0.136078 1.342562
v -1.560062 0.136078 0.824382
v -2.596635 0.136078 1.342562
v -1.560062 -0.058597 0.789836
v -0.523490 -0.058597 0.824382
v -1.560062 -0.253271 0.824382
v -2.596635 -0.058597 0.824382
v -1.560062 -0.266250 1.342562
v -0.523490 -0.253271 1.342562
v -2.596635 -0.253271 1.342562
v -0.454385 -0.058597 1.342562
v -2.665740 -0.058597 1.342562
v -2.112901 -0.162423 1.895287
v -2.596635 -0.162423 1.860742
v -2.112901 -0.253271 1.860742
v -1.560062 -0.162423 1.895287
v -2.112901 -0.058597 1.895287
v -2.112901 0.149057 1.618925
v -2.596635 0.136078 1.618925
v -2.112901 0.136078 1.860742
v -1.560062 0.149057 1.618925
v -2.112901 0.149057 1.342562
v -2.112901 0.045230 0.789836
v -2.596635 0.045230 0.824382
v -2.112901 0.136078 0.824382
v -1.560062 0.045230 0.789836
v -2.112901 -0.058597 0.789836
v -2.112901 -0.266250 1.066199
v -2.596635 -0.253271 1.066199
v -2.112901 -0.253271 0.824382
v -1.560062 -0.266250 1.066199
v -2.112901 -0.266250 1.342562
v -0.454385 -0.162423 1.618925
v -0.523490 -0.162423 1.860742
v -0.523490 -0.253271 1.618925
v -0.454385 -0.162423 1.342562
v -0.454385 -0.058597 1.618925
v -2.665740 -0.162423 1.066199
v -2.596635 -0.162423 0.824382
v -2.665740 -0.162423 1.342562
v -2.665740 -0.058597 1.066199
v -1.007224 -0.162423 1.895287
v -1.007224 -0.253271 1.860742
v -1.007224 -0.058597 1.895287
v -1.007224 0.045230 1.895287
v -0.523490 0.045230 1.860742
v -1.007224 0.136078 1.860742
v -1.560062 0.045230 1.895287
v -2.112901 0.045230 1.895287
v -2.596635 0.045230 1.860742
v -1.007224 0.149057 1.618925
v -0.523490 0.136078 1.618925
v -1.007224 0.149057 1.342562
v -1.007224 0.149057 1.066199
v -0.523490 0.136078 1.066199
v -1.007224 0.136078 0.824382
v -1.560062 0.149057 1.066199
v -2.112901 0.149057 1.066199
v -2.596635 0.136078 1.066199
v -1.007224 0.045230 0.789836
v -0.523490 0.045230 0.824382
v -1.007224 -0.058597 0.789836
v -1.007224 -0.162423 0.789836
v -0.523490 -0.162423 0.824382
v -1.007224 -0.253271 0.824382
v -1.560062 -0.162423 0.789836
v -2.112901 -0.162423 0.789836
v -1.007224 -0.266250 1.066199
v -0.523490 -0.253271 1.066199
v -1.007224 -0.266250 1.342562
v -1.007224 -0.266250 1.618925
v -1.560062 -0.266250 1.618925
v -2.112901 -0.266250 1.618925
v -2.596635 -0.253271 1.618925
v -0.454385 -0.162423 1.066199
v -0.454385 -0.058597 1.066199
v -0.454385 0.045230 1.066199
v -0.454385 0.045230 1.342562
v -0.454385 0.045230 1.618925
v -2.665740 -0.162423 1.618925
v -2.665740 -0.058597 1.618925
v -2.665740 0.045230 1.618925
v -2.665740 0.045230 1.342562
v -2.665740 0.045230 1.066199
v -2.596635 -0.214337 1.860742
v -2.389320 -0.253271 1.860742
v -2.112901 -0.214337 1.895287
v -1.836482 -0.162423 1.895287
v -1.560062 -0.110510 1.895287
v -1.836482 -0.058597 1.895287
v -2.596635 0.136078 1.757106
v -2.389320 0.136078 1.860742
v -2.112901 0.149057 1.757106
v -1.836482 0.149057 1.618925
v -1.560062 0.149057 1.480743
v -1.836482 0.149057 1.342562
v -2.596635 0.097143 0.824382
v -2.389320 0.136078 0.824382
v -2.112901 0.097143 0.789836
v -1.836482 0.045230 0.789836
v -1.560062 -0.006683 0.789836
v -1.836482 -0.058597 0.789836
v -2.596635 -0.253271 0.928018
v -2.389320 -0.253271 0.824382
v -2.112901 -0.266250 0.928018
v -1.836482 -0.266250 1.066199
v -1.560062 -0.266250 1.204381
v -1.836482 -0.266250 1.342562
v -0.523490 -0.214337 1.860742
v -0.523490 -0.253271 1.757106
v -0.454385 -0.214337 1.618925
v -0.454385 -0.162423 1.480743
v -0.454385 -0.110510 1.342562
v -0.454385 -0.058597 1.480743
v -2.596635 -0.214337 0.824382
v -2.665740 -0.214337 1.066199
v -2.665740 -0.162423 1.204381
v -2.665740 -0.110510 1.342562
v -2.665740 -0.058597 1.204381
v -0.730804 -0.253271 1.860742
v -0.730804 -0.162423 1.895287
v -1.007224 -0.110510 1.895287
v -1.283643 -0.058597 1.895287
v -0.523490 0.097143 1.860742
v -0.730804 0.136078 1.860742
v -1.007224 0.097143 1.895287
v -1.283643 0.045230 1.895287
v -1.560062 -0.006683 1.895287
v -2.596635 0.097143 1.860742
v -2.389320 0.045230 1.895287
v -2.112901 -0.006683 1.895287
v -0.523490 0.136078 1.757106
v -0.730804 0.149057 1.618925
v -1.007224 0.149057 1.480743
v -1.283643 0.149057 1.342562
v -0.523490 0.136078 0.928018
v -0.730804 0.136078 0.824382
v -1.007224 0.149057 0.928018
v -1.283643 0.149057 1.066199
v -1.560062 0.149057 1.204381
v -2.596635 0.136078 0.928018
v -2.389320 0.149057 1.066199
v -2.112901 0.149057 1.204381
v -0.523490 0.097143 0.824382
v -0.730804 0.045230 0.789836
v -1.007224 -0.006683 0.789836
v -1.283643 -0.058597 0.789836
v -0.523490 -0.214337 0.824382
v -0.730804 -0.253271 0.824382
v -1.007224 -0.214337 0.789836
v -1.283643 -0.162423 0.789836
v -1.560062 -0.110510 0.789836
v -2.389320 -0.162423 0.789836
v -2.112901 -0.110510 0.789836
v -0.523490 -0.253271 0.928018
v -0.730804 -0.266250 1.066199
v -1.007224 -0.266250 1.204381
v -1.283643 -0.266250 1.342562
v -1.007224 -0.266250 1.757106
v -1.283643 -0.266250 1.618925
v -1.560062 -0.266250 1.480743
v -2.596635 -0.253271 1.757106
v -2.389320 -0.266250 1.618925
v -2.112901 -0.266250 1.480743
v -0.454385 -0.162423 0.928018
v -0.454385 -0.110510 1.066199
v -0.454385 -0.058597 1.204381
v -0.454385 0.097143 1.066199
v -0.454385 0.045230 1.204381
v -0.454385 -0.006683 1.342562
v -0.454385 0.045230 1.757106
v -0.454385 -0.006683 1.618925
v -2.665740 -0.162423 1.757106
v -2.665740 -0.110510 1.618925
v -2.665740 -0.058597 1.480743
v -2.665740 0.097143 1.618925
v -2.665740 0.045230 1.480743
v -2.665740 -0.006683 1.342562
v -2.665740 0.045230 0.928018
v -2.665740 -0.006683 1.066199
v -2.389320 -0.058597 1.895287
v -2.596635 -0.110510 1.860742
v -2.389320 -0.162423 1.895287
v -2.112901 -0.110510 1.895287
v -2.389320 0.149057 1.342562
v -2.596635 0.136078 1.480743
v -2.389320 0.149057 1.618925
v -2.112901 0.149057 1.480743
v -2.389320 -0.058597 0.789836
v -2.596635 -0.006683 0.824382
v -2.389320 0.045230 0.789836
v -2.112901 -0.006683 0.789836
v -2.389320 -0.266250 1.342562
v -2.596635 -0.253271 1.204381
v -2.389320 -0.266250 1.066199
v -2.112901 -0.266250 1.204381
v -0.454385 -0.058597 1.757106
v -0.523490 -0.110510 1.860742
v -0.454385 -0.162423 1.757106
v -0.454385 -0.110510 1.618925
v -2.665740 -0.058597 0.928018
v -2.596635 -0.110510 0.824382
v -2.665740 -0.162423 0.928018
v -2.665740 -0.110510 1.066199
v -1.560062 -0.214337 1.895287
v -1.283643 -0.253271 1.860742
v -1.007224 -0.214337 1.895287
v -1.283643 -0.162423 1.895287
v -0.730804 -0.058597 1.895287
v -0.523490 -0.006683 1.860742
v -0.730804 0.045230 1.895287
v -1.007224 -0.006683 1.895287
v -1.560062 0.097143 1.895287
v -1.836482 0.136078 1.860742
v -2.112901 0.097143 1.895287
v -1.836482 0.045230 1.895287
v -1.560062 0.149057 1.757106
v -1.283643 0.136078 1.860742
v -1.007224 0.149057 1.757106
v -1.283643 0.149057 1.618925
v -0.730804 0.149057 1.342562
v -0.523490 0.136078 1.204381
v -0.730804 0.149057 1.066199
v -1.007224 0.149057 1.204381
v -1.560062 0.149057 0.928018
v -1.836482 0.136078 0.824382
v -2.112901 0.149057 0.928018
v -1.836482 0.149057 1.066199
v -1.560062 0.097143 0.789836
v -1.283643 0.136078 0.824382
v -1.007224 0.097143 0.789836
v -1.283643 0.045230 0.789836
v -0.730804 -0.058597 0.789836
v -0.523490 -0.110510 0.824382
v -0.730804 -0.162423 0.789836
v -1.007224 -0.110510 0.789836
v -1.560062 -0.214337 0.789836
v -1.836482 -0.253271 0.824382
v -2.112901 -0.214337 0.789836
v -1.836482 -0.162423 0.789836
v -1.560062 -0.266250 0.928018
v -1.283643 -0.253271 0.824382
v -1.007224 -0.266250 0.928018
v -1.283643 -0.266250 1.066199
v -0.730804 -0.266250 1.342562
v -0.523490 -0.253271 1.480743
v -0.730804 -0.266250 1.618925
v -1.007224 -0.266250 1.480743
v -1.560062 -0.266250 1.757106
v -1.836482 -0.253271 1.860742
v -2.112901 -0.266250 1.757106
v -1.836482 -0.266250 1.618925
v -0.454385 -0.214337 1.342562
v -0.523490 -0.253271 1.204381
v -0.454385 -0.214337 1.066199
v -0.454385 -0.162423 1.204381
v -0.454385 -0.058597 0.928018
v -0.523490 -0.006683 0.824382
v -0.454385 0.045230 0.928018
v -0.454385 -0.006683 1.066199
v -0.454385 0.097143 1.342562
v -0.523490 0.136078 1.480743
v -0.454385 0.097143 1.618925
v -0.454385 0.045230 1.480743
v -2.665740 -0.214337 1.342562
v -2.596635 -0.253271 1.480743
v -2.665740 -0.214337 1.618925
v -2.665740 -0.162423 1.480743
v -2.665740 -0.058597 1.757106
v -2.596635 -0.006683 1.860742
v -2.665740 0.045230 1.757106
v -2.665740 -0.006683 1.618925
v -2.665740 0.097143 1.342562
v -2.596635 0.136078 1.204381
v -2.665740 0.097143 1.066199
v -2.665740 0.045230 1.204381
v -2.389320 -0.110510 1.895287
v -2.389320 0.149057 1.480743
v -2.389320 -0.006683 0.789836
v -2.389320 -0.266250 1.204381
v -0.454385 -0.110510 1.757106
v -2.665740 -0.110510 0.928018
v -1.283643 -0.214337 1.895287
v -0.730804 -0.006683 1.895287
v -1.836482 0.097143 1.895287
v -1.283643 0.149057 1.757106
v -0.730804 0.149057 1.204381
v -1.836482 0.149057 0.928018
v -1.283643 0.097143 0.789836
v -0.730804 -0.110510 0.789836
v -1.836482 -0.214337 0.789836
v -1.283643 -0.266250 0.928018
v -0.730804 -0.266250 1.480743
v -1.836482 -0.266250 1.757106
v -0.454385 -0.214337 1.204381
v -0.454385 -0.006683 0.928018
v -0.454385 0.097143 1.480743
v -2.665740 -0.214337 1.480743
v -2.665740 -0.006683 1.757106
v -2.665740 0.097143 1.204381
v -2.389320 -0.214337 1.895287
v -1.836482 -0.214337 1.895287
v -1.836482 -0.110510 1.895287
v -2.389320 0.149057 1.757106
v -1.836482 0.149057 1.757106
v -1.836482 0.149057 1.480743
v -2.389320 0.097143 0.789836
v -1.836482 0.097143 0.789836
v -1.836482 -0.006683 0.789836
v -2.389320 -0.266250 0.928018
v -1.836482 -0.266250 0.928018
v -1.836482 -0.266250 1.204381
v -0.454385 -0.214337 1.757106
v -0.454385 -0.214337 1.480743
v -0.454385 -0.110510 1.480743
v -2.665740 -0.214337 0.928018
v -2.665740 -0.214337 1.204381
v -2.665740 -0.110510 1.204381
v -0.730804 -0.214337 1.895287
v -0.730804 -0.110510 1.895287
v -1.283643 -0.110510 1.895287
v -0.730804 0.097143 1.895287
v -1.283643 0.097143 1.895287
v -1.283643 -0.006683 1.895287
v -2.389320 0.097143 1.895287
v -2.389320 -0.006683 1.895287
v -1.836482 -0.006683 1.895287
v -0.730804 0.149057 1.757106
v -0.730804 0.149057 1.480743
v -1.283643 0.149057 1.480743
v -0.730804 0.149057 0.928018
v -1.283643 0.149057 0.928018
v -1.283643 0.149057 1.204381
v -2.389320 0.149057 0.928018
v -2.389320 0.149057 1.204381
v -1.836482 0.149057 1.204381
v -0.730804 0.097143 0.789836
v -0.730804 -0.006683 0.789836
v -1.283643 -0.006683 0.789836
v -0.730804 -0.214337 0.789836
v -1.283643 -0.214337 0.789836
v -1.283643 -0.110510 0.789836
v -2.389320 -0.214337 0.789836
v -2.389320 -0.110510 0.789836
v -1.836482 -0.110510 0.789836
v -0.730804 -0.266250 0.928018
v -0.730804 -0.266250 1.204381
v -1.283643 -0.266250 1.204381
v -0.730804 -0.266250 1.757106
v -1.283643 -0.266250 1.757106
v -1.283643 -0.266250 1.480743
v -2.389320 -0.266250 1.757106
v -2.389320 -0.266250 1.480743
v -1.836482 -0.266250 1.480743
v -0.454385 -0.214337 0.928018
v -0.454385 -0.110510 0.928018
v -0.454385 -0.110510 1.204381
v -0.454385 0.097143 0.928018
v -0.454385 0.097143 1.204381
v -0.454385 -0.006683 1.204381
v -0.454385 0.097143 1.757106
v -0.454385 -0.006683 1.757106
v -0.454385 -0.006683 1.480743
v -2.665740 -0.214337 1.757106
v -2.665740 -0.110510 1.757106
v -2.665740 -0.110510 1.480743
v -2.665740 0.097143 1.757106
v -2.665740 0.097143 1.480743
v -2.665740 -0.006683 1.480743
v -2.665740 0.097143 0.928018
v -2.665740 -0.006683 0.928018
v -2.665740 -0.006683 1.204381
v 0.993339 -0.243177 1.833873
v 2.958988 -0.243177 1.833873
v 0.993339 0.125984 1.833873
v 2.958988 0.125984 1.833873
v 0.993339 0.125984 0.851250
v 2.958988 0.125984 0.851250
v 0.993339 -0.243177 0.851250
v 2.958988 -0.243177 0.851250
v 1.976164 -0.058597 1.895287
v 1.976164 -0.253271 1.860742
v 3.012736 -0.058597 1.860742
v 1.976164 0.136078 1.860742
v 0.939591 -0.058597 1.860742
v 1.976164 0.149057 1.342562
v 3.012736 0.136078 1.342562
v 1.976164 0.136078 0.824382
v 0.939591 0.136078 1.342562
v 1.976164 -0.058597 0.789836
v 3.012736 -0.058597 0.824382
v 1.976164 -0.253271 0.824382
v 0.939591 -0.058597 0.824382
v 1.976164 -0.266250 1.342562
v 3.012736 -0.253271 1.342562
v 0.939591 -0.253271 1.342562
v 3.081841 -0.058597 1.342562
v 0.870486 -0.058597 1.342562
v 1.423325 -0.162423 1.895287
v 0.939591 -0.162423 1.860742
v 1.423325 -0.253271 1.860742
v 1.976164 -0.162423 1.895287
v 1.423325 -0.058597 1.895287
v 1.423325 0.149057 1.618925
v 0.939591 0.136078 1.618925
v 1.423325 0.136078 1.860742
v 1.976164 0.149057 1.618925
v 1.423325 0.149057 1.342562
v 1.423325 0.045230 0.789836
v 0.939591 0.045230 0.824382
v 1.423325 0.136078 0.824382
v 1.976164 0.045230 0.789836
v 1.423325 -0.058597 0.789836
v 1.423325 -0.266250 1.066199
v 0.939591 -0.253271 1.066199
v 1.423325 -0.253271 0.824382
v 1.976164 -0.266250 1.066199
v 1.423325 -0.266250 1.342562
v 3.081841 -0.162423 1.618925
v 3.012736 -0.162423 1.860742
v 3.012736 -0.253271 1.618925
v 3.081841 -0.162423 1.342562
v 3.081841 -0.058597 1.618925
v 0.870486 -0.162423 1.066199
v 0.939591 -0.162423 0.824382
v 0.870486 -0.162423 1.342562
v 0.870486 -0.058597 1.066199
v 2.529002 -0.162423 1.895287
v 2.529002 -0.253271 1.860742
v 2.529002 -0.058597 1.895287
v 2.529002 0.045230 1.895287
v 3.012736 0.045230 1.860742
v 2.529002 0.136078 1.860742
v 1.976164 0.045230 1.895287
v 1.423325 0.045230 1.895287
v 0.939591 0.045230 1.860742
v 2.529002 0.149057 1.618925
v 3.012736 0.136078 1.618925
v 2.529002 0.149057 1.342562
v 2.529002 0.149057 1.066199
v 3.012736 0.136078 1.066199
v 2.529002 0.136078 0.824382
v 1.976164 0.149057 1.066199
v 1.423325 0.149057 1.066199
v 0.939591 0.136078 1.066199
v 2.529002 0.045230 0.789836
v 3.012736 0.045230 0.824382
v 2.529002 -0.058597 0.789836
v 2.529002 -0.162423 0.789836
v 3.012736 -0.162423 0.824382
v 2.529002 -0.253271 0.824382
v 1.976164 -0.162423 0.789836
v 1.423325 -0.162423 0.789836
v 2.529002 -0.266250 1.066199
v 3.012736 -0.253271 1.066199
v 2.529002 -0.266250 1.342562
v 2.529002 -0.266250 1.618925
v 1.976164 -0.266250 1.618925
v 1.423325 -0.266250 1.618925
v 0.939591 -0.253271 1.618925
v 3.081841 -0.162423 1.066199
v 3.081841 -0.058597 1.066199
v 3.081841 0.045230 1.066199
v 3.081841 0.045230 1.342562
v 3.081841 0.045230 1.618925
v 0.870486 -0.162423 1.618925
v 0.870486 -0.058597 1.618925
v 0.870486 0.045230 1.618925
v 0.870486 0.045230 1.342562
v 0.870486 0.045230 1.066199
v 0.939591 -0.214337 1.860742
v 1.146906 -0.253271 1.860742
v 1.423325 -0.214337 1.895287
v 1.699744 -0.162423 1.895287
v 1.976164 -0.110510 1.895287
v 1.699744 -0.058597 1.895287
v 0.939591 0.136078 1.757106
v 1.146906 0.136078 1.860742
v 1.423325 0.149057 1.757106
v 1.699744 0.149057 1.618925
v 1.976164 0.149057 1.480743
v 1.699744 0.149057 1.342562
v 0.939591 0.097143 0.824382
v 1.146906 0.136078 0.824382
v 1.423325 0.097143 0.789836
v 1.699744 0.045230 0.789836
v 1.976164 -0.006683 0.789836
v 1.699744 -0.058597 0.789836
v 0.939591 -0.253271 0.928018
v 1.146906 -0.253271 0.824382
v 1.423325 -0.266250 0.928018
v 1.699744 -0.266250 1.066199
v 1.976164 -0.266250 1.204381
v 1.699744 -0.266250 1.342562
v 3.012736 -0.214337 1.860742
v 3.012736 -0.253271 1.757106
v 3.081841 -0.214337 1.618925
v 3.081841 -0.162423 1.480743
v 3.081841 -0.110510 1.342562
v 3.081841 -0.058597 1.480743
v 0.939591 -0.214337 0.824382
v 0.870486 -0.214337 1.066199
v 0.870486 -0.162423 1.204381
v 0.870486 -0.110510 1.342562
v 0.870486 -0.058597 1.204381
v 2.805422 -0.253271 1.860742
v 2.805422 -0.162423 1.895287
v 2.529002 -0.110510 1.895287
v 2.252583 -0.058597 1.895287
v 3.012736 0.097143 1.860742
v 2.805422 0.136078 1.860742
v 2.529002 0.097143 1.895287
v 2.252583 0.045230 1.895287
v 1.976164 -0.006683 1.895287
v 0.939591 0.097143 1.860742
v 1.146906 0.045230 1.895287
v 1.423325 -0.006683 1.895287
v 3.012736 0.136078 1.757106
v 2.805422 0.149057 1.618925
v 2.529002 0.149057 1.480743
v 2.252583 0.149057 1.342562
v 3.012736 0.136078 0.928018
v 2.805422 0.136078 0.824382
v 2.529002 0.149057 0.928018
v 2.252583 0.149057 1.066199
v 1.976164 0.149057 1.204381
v 0.939591 0.136078 0.928018
v 1.146906 0.149057 1.066199
v 1.423325 0.149057 1.204381
v 3.012736 0.097143 0.824382
v 2.805422 0.045230 0.789836
v 2.529002 -0.006683 0.789836
v 2.252583 -0.058597 0.789836
v 3.012736 -0.214337 0.824382
v 2.805422 -0.253271 0.824382
v 2.529002 -0.214337 0.789836
v 2.252583 -0.162423 0.789836
v 1.976164 -0.110510 0.789836
v 1.146906 -0.162423 0.789836
v 1.423325 -0.110510 0.789836
v 3.012736 -0.253271 0.928018
v 2.805422 -0.266250 1.066199
v 2.529002 -0.266250 1.204381
v 2.252583 -0.266250 1.342562
v 2.529002 -0.266250 1.757106
v 2.252583 -0.266250 1.618925
v 1.976164 -0.266250 1.480743
v 0.939591 -0.253271 1.757106
v 1.146906 -0.266250 1.618925
v 1.423325 -0.266250 1.480743
v 3.081841 -0.162423 0.928018
v 3.081841 -0.110510 1.066199
v 3.081841 -0.058597 1.204381
v 3.081841 0.097143 1.066199
v 3.081841 0.045230 1.204381
v 3.081841 -0.006683 1.342562
v 3.081841 0.045230 1.757106
v 3.081841 -0.006683 1.618925
v 0.870486 -0.162423 1.757106
v 0.870486 -0.110510 1.618925
v 0.870486 -0.058597 1.480743
v 0.870486 0.097143 1.618925
v 0.870486 0.045230 1.480743
v 0.870486 -0.006683 1.342562
v 0.870486 0.045230 0.928018
v 0.870486 -0.006683 1.066199
v 1.146906 -0.058597 1.895287
v 0.939591 -0.110510 1.860742
v 1.146906 -0.162423 1.895287
v 1.423325 -0.110510 1.895287
v 1.146906 0.149057 1.342562
v 0.939591 0.136078 1.480743
v 1.146906 0.149057 1.618925
v 1.423325 0.149057 1.480743
v 1.146906 -0.058597 0.789836
v 0.939591 -0.006683 0.824382
v 1.146906 0.045230 0.789836
v 1.423325 -0.006683 0.789836
v 1.146906 -0.266250 1.342562
v 0.939591 -0.253271 1.204381
v 1.146906 -0.266250 1.066199
v 1.423325 -0.266250 1.204381
v 3.081841 -0.058597 1.757106
v 3.012736 -0.110510 1.860742
v 3.081841 -0.162423 1.757106
v 3.081841 -0.110510 1.618925
v 0.870486 -0.058597 0.928018
v 0.939591 -0.110510 0.824382
v 0.870486 -0.162423 0.928018
v 0.870486 -0.110510 1.066199
v 1.976164 -0.214337 1.895287
v 2.252583 -0.253271 1.860742
v 2.529002 -0.214337 1.895287
v 2.252583 -0.162423 1.895287
v 2.805422 -0.058597 1.895287
v 3.012736 -0.006683 1.860742
v 2.805422 0.045230 1.895287
v 2.529002 -0.006683 1.895287
v 1.976164 0.097143 1.895287
v 1.699744 0.136078 1.860742
v 1.423325 0.097143 1.895287
v 1.699744 0.045230 1.895287
v 1.976164 0.149057 1.757106
v 2.252583 0.136078 1.860742
v 2.529002 0.149057 1.757106
v 2.252583 0.149057 1.618925
v 2.805422 0.149057 1.342562
v 3.012736 0.136078 1.204381
v 2.805422 0.149057 1.066199
v 2.529002 0.149057 1.204381
v 1.976164 0.149057 0.928018
v 1.699744 0.136078 0.824382
v 1.423325 0.149057 0.928018
v 1.699744 0.149057 1.066199
v 1.976164 0.097143 0.789836
v 2.252583 0.136078 0.824382
v 2.529002 0.097143 0.789836
v 2.252583 0.045230 0.789836
v 2.805422 -0.058597 0.789836
v 3.012736 -0.110510 0.824382
v 2.805422 -0.162423 0.789836
v 2.529002 -0.110510 0.789836
v 1.976164 -0.214337 0.789836
v 1.699744 -0.253271 0.824382
v 1.423325 -0.214337 0.789836
v 1.699744 -0.162423 0.789836
v 1.976164 -0.266250 0.928018
v 2.252583 -0.253271 0.824382
v 2.529002 -0.266250 0.928018
v 2.252583 -0.266250 1.066199
v 2.805422 -0.266250 1.342562
v 3.012736 -0.253271 1.480743
v 2.805422 -0.266250 1.618925
v 2.529002 -0.266250 1.480743
v 1.976164 -0.266250 1.757106
v 1.699744 -0.253271 1.860742
v 1.423325 -0.266250 1.757106
v 1.699744 -0.266250 1.618925
v 3.081841 -0.214337 1.342562
v 3.012736 -0.253271 1.204381
v 3.081841 -0.214337 1.066199
v 3.081841 -0.162423 1.204381
v 3.081841 -0.058597 0.928018
v 3.012736 -0.006683 0.824382
v 3.081841 0.045230 0.928018
v 3.081841 -0.006683 1.066199
v 3.081841 0.097143 1.342562
v 3.012736 0.136078 1.480743
v 3.081841 0.097143 1.618925
v 3.081841 0.045230 1.480743
v 0.870486 -0.214337 1.342562
v 0.939591 -0.253271 1.480743
v 0.870486 -0.214337 1.618925
v 0.870486 -0.162423 1.480743
v 0.870486 -0.058597 1.757106
v 0.939591 -0.006683 1.860742
v 0.870486 0.045230 1.757106
v 0.870486 -0.006683 1.618925
v 0.870486 0.097143 1.342562
v 0.939591 0.136078 1.204381
v 0.870486 0.097143 1.066199
v 0.870486 0.045230 1.204381
v 1.146906 -0.110510 1.895287
v 1.146906 0.149057 1.480743
v 1.146906 -0.006683 0.789836
v 1.146906 -0.266250 1.204381
v 3.081841 -0.110510 1.757106
v 0.870486 -0.110510 0.928018
v 2.252583 -0.214337 1.895287
v 2.805422 -0.006683 1.895287
v 1.699744 0.097143 1.895287
v 2.252583 0.149057 1.757106
v 2.805422 0.149057 1.204381
v 1.699744 0.149057 0.928018
v 2.252583 0.097143 0.789836
v 2.805422 -0.110510 0.789836
v 1.699744 -0.214337 0.789836
v 2.252583 -0.266250 0.928018
v 2.805422 -0.266250 1.480743
v 1.699744 -0.266250 1.757106
v 3.081841 -0.214337 1.204381
v 3.081841 -0.006683 0.928018
v 3.081841 0.097143 1.480743
v 0.870486 -0.214337 1.480743
v 0.870486 -0.006683 1.757106
v 0.870486 0.097143 1.204381
v 1.146906 -0.214337 1.895287
v 1.699744 -0.214337 1.895287
v 1.699744 -0.110510 1.895287
v 1.146906 0.149057 1.757106
v 1.699744 0.149057 1.757106
v 1.699744 0.149057 1.480743
v 1.146906 0.097143 0.789836
v 1.699744 0.097143 0.789836
v 1.699744 -0.006683 0.789836
v 1.146906 -0.266250 0.928018
v 1.699744 -0.266250 0.928018
v 1.699744 -0.266250 1.204381
v 3.081841 -0.214337 1.757106
v 3.081841 -0.214337 1.480743
v 3.081841 -0.110510 1.480743
v 0.870486 -0.214337 0.928018
v 0.870486 -0.214337 1.204381
v 0.870486 -0.110510 1.204381
v 2.805422 -0.214337 1.895287
v 2.805422 -0.110510 1.895287
v 2.252583 -0.110510 1.895287
v 2.805422 0.097143 1.895287
v 2.252583 0.097143 1.895287
v 2.252583 -0.006683 1.895287
v 1.146906 0.097143 1.895287
v 1.146906 -0.006683 1.895287
v 1.699744 -0.006683 1.895287
v 2.805422 0.149057 1.757106
v 2.805422 0.149057 1.480743
v 2.252583 0.149057 1.480743
v 2.805422 0.149057 0.928018
v 2.252583 0.149057 0.928018
v 2.252583 0.149057 1.204381
v 1.146906 0.149057 0.928018
v 1.146906 0.149057 1.204381
v 1.699744 0.149057 1.204381
v 2.805422 0.097143 0.789836
v 2.805422 -0.006683 0.789836
v 2.252583 -0.006683 0.789836
v 2.805422 -0.214337 0.789836
v 2.252583 -0.214337 0.789836
v 2.252583 -0.110510 0.789836
v 1.146906 -0.214337 0.789836
v 1.146906 -0.110510 0.789836
v 1.699744 -0.110510 0.789836
v 2.805422 -0.266250 0.928018
v 2.805422 -0.266250 1.204381
v 2.252583 -0.266250 1.204381
v 2.805422 -0.266250 1.757106
v 2.252583 -0.266250 1.757106
v 2.252583 -0.266250 1.480743
v 1.146906 -0.266250 1.757106
v 1.146906 -0.266250 1.480743
v 1.699744 -0.266250 1.480743
v 3.081841 -0.214337 0.928018
v 3.081841 -0.110510 0.928018
v 3.081841 -0.110510 1.204381
v 3.081841 0.097143 0.928018
v 3.081841 0.097143 1.204381
v 3.081841 -0.006683 1.204381
v 3.081841 0.097143 1.757106
v 3.081841 -0.006683 1.757106
v 3.081841 -0.006683 1.480743
v 0.870486 -0.214337 1.757106
v 0.870486 -0.110510 1.757106
v 0.870486 -0.110510 1.480743
v 0.870486 0.097143 1.757106
v 0.870486 0.097143 1.480743
v 0.870486 -0.006683 1.480743
v 0.870486 0.097143 0.928018
v 0.870486 -0.006683 0.928018
v 0.870486 -0.006683 1.204381
v -4.750158 -0.858379 2.984150
v -3.750159 -0.858379 2.984150
v -4.750158 0.141621 2.984150
v -4.750158 0.141621 1.984150
v 3.696165 0.141621 2.264659
v -4.750158 -0.858379 1.984150
v -3.750159 -0.858379 1.984150
v 3.696165 -0.858379 2.984150
v 4.696166 -0.858379 2.984150
v 4.696166 0.141621 2.984150
v 3.894516 0.141621 1.984150
v 4.696166 0.141621 1.984150
v 3.696165 -0.858379 1.984150
v 4.696166 -0.858379 1.984150
v -3.750159 0.018639 2.975439
v -3.750159 0.068255 2.950158
v -3.750159 0.107630 2.910783
v -3.750159 0.132910 2.861167
v -3.750159 0.141621 2.806168
v -3.876011 0.141621 2.984150
v -3.750159 -0.036361 2.984150
v 3.696165 0.132910 2.861167
v 3.696165 0.107630 2.910783
v 3.696165 0.068255 2.950158
v 3.696165 0.018639 2.975439
v 3.696165 -0.036361 2.984150
v 3.822018 0.141621 2.984150
v 3.696165 0.141621 2.806168
v 3.727768 -0.858379 4.137560
v 4.727768 -0.858379 4.137560
v 4.727768 0.141621 4.137560
v 3.853621 0.141621 4.137560
v 3.727768 -0.036361 4.137560
v -3.718555 -0.036361 4.137560
v -3.718555 -0.858379 4.137560
v 3.696165 0.858379 2.984150
v -3.750159 0.858379 2.984150
v -3.718555 0.858379 4.137560
v 3.727768 0.858379 4.137560
v -3.659158 0.054639 2.984150
v 3.605165 0.054639 2.984150
v -3.659158 0.767379 2.984150
v 3.605165 0.767379 2.984150
v -3.560158 0.153639 3.238617
v 3.506165 0.153639 3.238617
v -3.560158 0.668379 3.238617
v 3.506165 0.668379 3.238617
v -3.948509 0.141621 1.984150
v -3.750159 0.141621 2.264659
v -3.750159 -0.057649 2.005421
v -3.750159 0.016615 2.048159
v -3.750159 0.077613 2.109156
v -3.750159 0.120350 2.183420
v 3.696165 -0.057649 2.005421
v 3.696165 0.016615 2.048159
v 3.696165 0.077613 2.109156
v 3.696165 0.120350 2.183420
v 3.696165 -0.186757 1.984150
v 3.894516 0.032576 1.984150
v 4.696166 0.032576 1.984150
v 4.696166 -0.749333 1.984150
v 3.696165 -0.749333 1.984150
v 3.826910 -0.186757 1.984150
v 3.973394 0.032576 1.984150
v 4.565421 0.032576 1.984150
v 4.565421 -0.749333 1.984150
v 3.826910 -0.749333 1.984150
v 3.826910 -0.186757 2.453708
v 3.973394 0.032576 2.453708
v 4.565421 0.032576 2.453708
v 4.565421 -0.749333 2.453708
v 3.826910 -0.749333 2.453708
v -4.007064 0.044563 1.984150
v -3.847217 -0.181495 1.984150
v -3.847217 -0.761320 1.984150
v -4.653100 -0.761320 1.984150
v -4.653100 0.044563 1.984150
v -4.007064 0.044563 2.246925
v -3.847217 -0.181495 2.246925
v -3.847217 -0.761320 2.246925
v -4.653100 -0.761320 2.246925
v -4.653100 0.044563 2.246925
v 3.696165 -0.858379 -5.557792
v -3.750159 -0.858379 -5.557792
v -4.750158 -0.858379 4.192430
v -3.750159 -0.858379 4.192430
v -3.750159 -0.036361 4.192430
v -3.876011 0.141621 4.192430
v -4.750158 0.141621 4.192430
v -3.750159 -0.047792 2.008002
v -3.616986 -0.138888 1.984150
v -3.657221 -0.146324 1.984150
v -3.693863 -0.165722 1.984150
v -3.723325 -0.195184 1.984150
v -3.742723 -0.231826 1.984150
v -3.750159 -0.272060 1.984150
v -3.836384 -0.176739 1.984150
v -3.804526 -0.062001 1.984150
v -3.750159 -0.272060 -5.557792
v -3.742723 -0.231826 -5.550356
v -3.723325 -0.195184 -5.530957
v -3.693863 -0.165722 -5.501495
v -3.657221 -0.146324 -5.464854
v -3.616986 -0.138888 -5.424620
v 3.696165 -0.047792 2.008002
v 3.750533 -0.062001 1.984150
v 3.696165 -0.234616 1.984150
v 3.696165 -0.272060 1.984150
v 3.688730 -0.231826 1.984150
v 3.669331 -0.195184 1.984150
v 3.639869 -0.165722 1.984150
v 3.603228 -0.146324 1.984150
v 3.562993 -0.138888 1.984150
v 3.562993 -0.138888 -5.424620
v 3.603228 -0.146324 -5.464854
v 3.639869 -0.165722 -5.501495
v 3.669331 -0.195184 -5.530957
v 3.688730 -0.231826 -5.550356
v 3.696165 -0.272060 -5.557792
v -3.750159 -0.083641 1.996369
v -3.782779 -0.092756 1.984150
v -3.801893 -0.161599 1.984150
v -3.750159 -0.120061 1.985983
v -3.761032 -0.123511 1.984150
v -3.767403 -0.146458 1.984150
v 3.696165 -0.196325 1.984150
v 3.728786 -0.092756 1.984150
v 3.696165 -0.083641 1.996369
v 3.696165 -0.158034 1.984150
v 3.707039 -0.123511 1.984150
v 3.696165 -0.120061 1.985983
vt 0.375000 0.000000
vt 0.625000 0.000000
vt 0.375000 0.750000
vt 0.625000 0.750000
vt 0.375000 1.000000
vt 0.625000 1.000000
vt 0.875000 0.000000
vt 0.125000 0.000000
vt 0.500000 0.125000
vt 0.500000 0.000000
vt 0.625000 0.125000
vt 0.500000 0.250000
vt 0.375000 0.125000
vt 0.500000 0.375000
vt 0.500000 0.625000
vt 0.625000 0.625000
vt 0.500000 0.750000
vt 0.375000 0.625000
vt 0.500000 0.875000
vt 0.625000 0.875000
vt 0.500000 1.000000
vt 0.375000 0.875000
vt 0.750000 0.125000
vt 0.750000 0.000000
vt 0.875000 0.125000
vt 0.250000 0.125000
vt 0.250000 0.000000
vt 0.125000 0.125000
vt 0.437500 0.062500
vt 0.375000 0.062500
vt 0.437500 0.000000
vt 0.500000 0.062500
vt 0.437500 0.125000
vt 0.500000 0.312500
vt 0.437500 0.625000
vt 0.437500 0.812500
vt 0.375000 0.812500
vt 0.437500 0.750000
vt 0.500000 0.812500
vt 0.437500 0.875000
vt 0.687500 0.062500
vt 0.625000 0.062500
vt 0.687500 0.000000
vt 0.750000 0.062500
vt 0.687500 0.125000
vt 0.187500 0.062500
vt 0.125000 0.062500
vt 0.187500 0.000000
vt 0.250000 0.062500
vt 0.187500 0.125000
vt 0.562500 0.062500
vt 0.562500 0.000000
vt 0.562500 0.125000
vt 0.562500 0.187500
vt 0.562500 0.250000
vt 0.500000 0.187500
vt 0.437500 0.187500
vt 0.375000 0.187503
vt 0.625000 0.562497
vt 0.562500 0.625000
vt 0.562500 0.687500
vt 0.625000 0.687500
vt 0.562500 0.750000
vt 0.500000 0.687500
vt 0.437500 0.687500
vt 0.375000 0.687500
vt 0.562500 0.812500
vt 0.625000 0.812500
vt 0.562500 0.875000
vt 0.562500 0.937500
vt 0.625000 0.937500
vt 0.562500 1.000000
vt 0.500000 0.937500
vt 0.437500 0.937500
vt 0.437500 1.000000
vt 0.375000 0.937500
vt 0.812500 0.062500
vt 0.812500 0.000000
vt 0.875000 0.062500
vt 0.812500 0.125000
vt 0.312500 0.062500
vt 0.312500 0.000000
vt 0.312500 0.125000
vt 0.125000 0.187503
vt 0.375000 0.562497
vt 0.382932 0.485235
vt 0.625000 0.187503
vt 0.437500 0.375000
vt 0.382932 0.312500
vt 0.562500 0.375000
vt 0.617068 0.437500
vt 0.500000 0.437500
vt 0.437500 0.485235
vt 0.500000 0.562497
vt 0.562500 0.562497
vt 0.750000 0.187503
vt 0.687500 0.187503
vt 0.250000 0.187503
vt 0.187500 0.187503
vt 0.437500 0.312500
vt 0.437500 0.562497
vt 0.617068 0.250000
vt 0.617068 0.312500
vt 0.617068 0.375000
vt 0.562500 0.312500
vt 0.617068 0.485235
vt 0.562500 0.485235
vt 0.500000 0.485235
vt 0.562500 0.437500
vt 0.382932 0.437500
vt 0.382932 0.375000
vt 0.437500 0.437500
vt 0.875000 0.187503
vt 0.812500 0.187503
vt 0.312500 0.187503
vt 0.437500 0.250000
vt 0.382932 0.250000
vt 0.381841 0.492041
vt 0.125000 0.250000
vt 0.375000 0.500000
vt 0.437491 0.525382
vt 0.437584 0.500161
vt 0.380675 0.250615
vt 0.375000 0.250000
vt 0.380604 0.312537
vt 0.375000 0.312500
vt 0.312500 0.250000
vt 0.625000 0.250000
vt 0.619061 0.251270
vt 0.691514 0.250000
vt 0.625000 0.316515
vt 0.679471 0.250000
vt 0.625000 0.304471
vt 0.758029 0.250000
vt 0.625000 0.383029
vt 0.625000 0.370985
vt 0.745985 0.250000
vt 0.619430 0.437478
vt 0.812500 0.250000
vt 0.625000 0.437500
vt 0.499997 0.501119
vt 0.500000 0.527594
vt 0.562348 0.500042
vt 0.562522 0.525070
vt 0.375000 0.378202
vt 0.245368 0.250000
vt 0.257524 0.250000
vt 0.375000 0.366306
vt 0.190392 0.250000
vt 0.375000 0.432008
vt 0.178236 0.250000
vt 0.375000 0.443904
vt 0.618296 0.491879
vt 0.625000 0.500000
vt 0.875000 0.250000
vt 0.437500 0.125000
vt 0.406250 0.125000
vt 0.406250 0.093750
vt 0.437500 0.093750
vt 0.375000 0.125000
vt 0.375000 0.093750
vt 0.375000 0.062500
vt 0.406250 0.062500
vt 0.437500 0.062500
vt 0.437500 0.375000
vt 0.406250 0.375000
vt 0.406250 0.343750
vt 0.437500 0.343750
vt 0.375000 0.375000
vt 0.375000 0.343750
vt 0.375000 0.312500
vt 0.406250 0.312500
vt 0.437500 0.312500
vt 0.437500 0.625000
vt 0.406250 0.625000
vt 0.406250 0.593750
vt 0.437500 0.593750
vt 0.375000 0.625000
vt 0.375000 0.593750
vt 0.375000 0.562500
vt 0.406250 0.562500
vt 0.437500 0.562500
vt 0.437500 0.875000
vt 0.406250 0.875000
vt 0.406250 0.843750
vt 0.437500 0.843750
vt 0.375000 0.875000
vt 0.375000 0.843750
vt 0.375000 0.812500
vt 0.406250 0.812500
vt 0.437500 0.812500
vt 0.687500 0.125000
vt 0.656250 0.125000
vt 0.656250 0.093750
vt 0.687500 0.093750
vt 0.625000 0.125000
vt 0.625000 0.093750
vt 0.625000 0.062500
vt 0.656250 0.062500
vt 0.687500 0.062500
vt 0.187500 0.125000
vt 0.156250 0.125000
vt 0.156250 0.093750
vt 0.187500 0.093750
vt 0.125000 0.125000
vt 0.125000 0.093750
vt 0.125000 0.062500
vt 0.156250 0.062500
vt 0.187500 0.062500
vt 0.500000 0.062500
vt 0.500000 0.031250
vt 0.531250 0.031250
vt 0.531250 0.062500
vt 0.500000 0.000000
vt 0.531250 0.000000
vt 0.562500 0.000000
vt 0.562500 0.031250
vt 0.562500 0.062500
vt 0.562500 0.125000
vt 0.593750 0.125000
vt 0.593750 0.156250
vt 0.562500 0.156250
vt 0.625000 0.156250
vt 0.625000 0.187500
vt 0.593750 0.187500
vt 0.562500 0.187500
vt 0.500000 0.187500
vt 0.500000 0.218750
vt 0.468750 0.218750
vt 0.468750 0.187500
vt 0.500000 0.250000
vt 0.468750 0.250000
vt 0.437500 0.250000
vt 0.437500 0.218750
vt 0.437500 0.187500
vt 0.500000 0.312500
vt 0.500000 0.281250
vt 0.531250 0.281250
vt 0.531250 0.312500
vt 0.531250 0.250000
vt 0.562500 0.250000
vt 0.562500 0.281250
vt 0.562500 0.312500
vt 0.562500 0.375000
vt 0.593750 0.375000
vt 0.593750 0.406250
vt 0.562500 0.406250
vt 0.625000 0.375000
vt 0.625000 0.406250
vt 0.625000 0.437500
vt 0.593750 0.437500
vt 0.562500 0.437500
vt 0.500000 0.437500
vt 0.500000 0.468750
vt 0.468750 0.468750
vt 0.468750 0.437500
vt 0.500000 0.500000
vt 0.468750 0.500000
vt 0.437500 0.500000
vt 0.437500 0.468750
vt 0.437500 0.437500
vt 0.500000 0.562500
vt 0.500000 0.531250
vt 0.531250 0.531250
vt 0.531250 0.562500
vt 0.531250 0.500000
vt 0.562500 0.500000
vt 0.562500 0.531250
vt 0.562500 0.562500
vt 0.562500 0.625000
vt 0.593750 0.625000
vt 0.593750 0.656250
vt 0.562500 0.656250
vt 0.625000 0.625000
vt 0.625000 0.656250
vt 0.625000 0.687500
vt 0.593750 0.687500
vt 0.562500 0.687500
vt 0.500000 0.687500
vt 0.500000 0.718750
vt 0.468750 0.718750
vt 0.468750 0.687500
vt 0.500000 0.750000
vt 0.468750 0.750000
vt 0.437500 0.750000
vt 0.437500 0.718750
vt 0.437500 0.687500
vt 0.500000 0.812500
vt 0.500000 0.781250
vt 0.531250 0.781250
vt 0.531250 0.812500
vt 0.531250 0.750000
vt 0.562500 0.750000
vt 0.562500 0.781250
vt 0.562500 0.812500
vt 0.562500 0.875000
vt 0.593750 0.875000
vt 0.593750 0.906250
vt 0.562500 0.906250
vt 0.625000 0.875000
vt 0.625000 0.906250
vt 0.625000 0.937500
vt 0.593750 0.937500
vt 0.562500 0.937500
vt 0.500000 0.937500
vt 0.500000 0.968750
vt 0.468750 0.968750
vt 0.468750 0.937500
vt 0.500000 1.000000
vt 0.468750 1.000000
vt 0.437500 1.000000
vt 0.437500 0.968750
vt 0.437500 0.937500
vt 0.750000 0.062500
vt 0.750000 0.031250
vt 0.781250 0.031250
vt 0.781250 0.062500
vt 0.750000 0.000000
vt 0.781250 0.000000
vt 0.812500 0.000000
vt 0.812500 0.031250
vt 0.812500 0.062500
vt 0.812500 0.125000
vt 0.843750 0.125000
vt 0.843750 0.156250
vt 0.812500 0.156250
vt 0.875000 0.125000
vt 0.875000 0.156250
vt 0.875000 0.187500
vt 0.843750 0.187500
vt 0.812500 0.187500
vt 0.750000 0.187500
vt 0.750000 0.218750
vt 0.718750 0.218750
vt 0.718750 0.187500
vt 0.750000 0.250000
vt 0.718750 0.250000
vt 0.687500 0.250000
vt 0.687500 0.218750
vt 0.687500 0.187500
vt 0.250000 0.062500
vt 0.250000 0.031250
vt 0.281250 0.031250
vt 0.281250 0.062500
vt 0.250000 0.000000
vt 0.281250 0.000000
vt 0.312500 0.000000
vt 0.312500 0.031250
vt 0.312500 0.062500
vt 0.312500 0.125000
vt 0.343750 0.125000
vt 0.343750 0.156250
vt 0.312500 0.156250
vt 0.375000 0.156250
vt 0.375000 0.187500
vt 0.343750 0.187500
vt 0.312500 0.187500
vt 0.250000 0.187500
vt 0.250000 0.218750
vt 0.218750 0.218750
vt 0.218750 0.187500
vt 0.250000 0.250000
vt 0.218750 0.250000
vt 0.187500 0.250000
vt 0.187500 0.218750
vt 0.187500 0.187500
vt 0.375000 0.031250
vt 0.406250 0.031250
vt 0.375000 0.250000
vt 0.375000 0.000000
vt 0.375000 0.000000
vt 0.375000 0.250000
vt 0.406250 0.000000
vt 0.437500 0.000000
vt 0.437500 0.031250
vt 0.468750 0.000000
vt 0.468750 0.031250
vt 0.468750 0.062500
vt 0.500000 0.093750
vt 0.468750 0.093750
vt 0.500000 0.125000
vt 0.468750 0.125000
vt 0.375000 0.281250
vt 0.406250 0.281250
vt 0.593537 0.250000
vt 0.593537 0.250000
vt 0.406250 0.250000
vt 0.437500 0.281250
vt 0.468750 0.281250
vt 0.468750 0.312500
vt 0.500000 0.343750
vt 0.468750 0.343750
vt 0.500000 0.375000
vt 0.468750 0.375000
vt 0.375000 0.531250
vt 0.406250 0.531250
vt 0.625000 0.205504
vt 0.625000 0.205504
vt 0.406250 0.500000
vt 0.437500 0.531250
vt 0.468750 0.531250
vt 0.468750 0.562500
vt 0.500000 0.593750
vt 0.468750 0.593750
vt 0.500000 0.625000
vt 0.468750 0.625000
vt 0.375000 0.781250
vt 0.406250 0.781250
vt 0.406250 0.750000
vt 0.437500 0.781250
vt 0.468750 0.781250
vt 0.468750 0.812500
vt 0.500000 0.843750
vt 0.468750 0.843750
vt 0.500000 0.875000
vt 0.468750 0.875000
vt 0.625000 0.031250
vt 0.656250 0.031250
vt 0.625000 0.000000
vt 0.625000 0.000000
vt 0.656250 0.000000
vt 0.687500 0.000000
vt 0.687500 0.031250
vt 0.718750 0.000000
vt 0.718750 0.031250
vt 0.718750 0.062500
vt 0.750000 0.093750
vt 0.718750 0.093750
vt 0.750000 0.125000
vt 0.718750 0.125000
vt 0.125000 0.031250
vt 0.156250 0.031250
vt 0.156250 0.000000
vt 0.187500 0.000000
vt 0.187500 0.031250
vt 0.218750 0.000000
vt 0.218750 0.031250
vt 0.218750 0.062500
vt 0.250000 0.093750
vt 0.218750 0.093750
vt 0.250000 0.125000
vt 0.218750 0.125000
vt 0.593750 0.000000
vt 0.593750 0.031250
vt 0.375000 0.750000
vt 0.625000 0.750000
vt 0.625000 0.750000
vt 0.375000 0.750000
vt 0.593750 0.062500
vt 0.593750 0.093750
vt 0.562500 0.093750
vt 0.531250 0.125000
vt 0.531250 0.093750
vt 0.625000 0.218750
vt 0.593750 0.218750
vt 0.593750 0.250000
vt 0.562500 0.218750
vt 0.531250 0.218750
vt 0.531250 0.187500
vt 0.500000 0.156250
vt 0.531250 0.156250
vt 0.406250 0.218750
vt 0.375000 0.218750
vt 0.406250 0.187500
vt 0.406250 0.156250
vt 0.437500 0.156250
vt 0.468750 0.156250
vt 0.593750 0.281250
vt 0.375000 0.500000
vt 0.575412 0.500000
vt 0.575412 0.500000
vt 0.375000 0.500000
vt 0.625000 0.281250
vt 0.625000 0.312500
vt 0.593750 0.312500
vt 0.625000 0.343750
vt 0.593750 0.343750
vt 0.562500 0.343750
vt 0.531250 0.375000
vt 0.531250 0.343750
vt 0.625000 0.468750
vt 0.593750 0.468750
vt 0.375000 0.750000
vt 0.375000 0.750000
vt 0.593750 0.500000
vt 0.562500 0.468750
vt 0.531250 0.468750
vt 0.531250 0.437500
vt 0.500000 0.406250
vt 0.531250 0.406250
vt 0.406250 0.468750
vt 0.625000 0.750000
vt 0.625000 0.750000
vt 0.375000 0.468750
vt 0.375000 0.437500
vt 0.406250 0.437500
vt 0.375000 0.406250
vt 0.406250 0.406250
vt 0.437500 0.406250
vt 0.468750 0.406250
vt 0.593750 0.531250
vt 0.625000 0.570127
vt 0.625000 0.570127
vt 0.625000 0.531250
vt 0.625000 0.562500
vt 0.593750 0.562500
vt 0.625000 0.593750
vt 0.593750 0.593750
vt 0.562500 0.593750
vt 0.531250 0.625000
vt 0.531250 0.593750
vt 0.625000 0.718750
vt 0.593750 0.718750
vt 0.593750 0.750000
vt 0.562500 0.718750
vt 0.531250 0.718750
vt 0.531250 0.687500
vt 0.500000 0.656250
vt 0.531250 0.656250
vt 0.406250 0.718750
vt 0.375000 0.500000
vt 0.575412 0.500000
vt 0.375000 0.718750
vt 0.375000 0.687500
vt 0.406250 0.687500
vt 0.375000 0.656250
vt 0.406250 0.656250
vt 0.437500 0.656250
vt 0.468750 0.656250
vt 0.593750 0.781250
vt 0.375000 0.750000
vt 0.625000 0.781250
vt 0.625000 0.812500
vt 0.593750 0.812500
vt 0.625000 0.843750
vt 0.593750 0.843750
vt 0.562500 0.843750
vt 0.531250 0.875000
vt 0.531250 0.843750
vt 0.625000 0.968750
vt 0.593750 0.968750
vt 0.593750 1.000000
vt 0.562500 1.000000
vt 0.562500 0.968750
vt 0.531250 1.000000
vt 0.531250 0.968750
vt 0.531250 0.937500
vt 0.500000 0.906250
vt 0.531250 0.906250
vt 0.406250 1.000000
vt 0.406250 0.968750
vt 0.375000 0.968750
vt 0.375000 0.937500
vt 0.406250 0.937500
vt 0.375000 0.906250
vt 0.406250 0.906250
vt 0.437500 0.906250
vt 0.468750 0.906250
vt 0.843750 0.000000
vt 0.843750 0.031250
vt 0.611408 0.550906
vt 0.625000 0.570127
vt 0.875000 0.031250
vt 0.875000 0.062500
vt 0.843750 0.062500
vt 0.875000 0.093750
vt 0.843750 0.093750
vt 0.812500 0.093750
vt 0.781250 0.125000
vt 0.781250 0.093750
vt 0.875000 0.218750
vt 0.843750 0.218750
vt 0.375000 0.750000
vt 0.375000 0.570127
vt 0.375000 0.570127
vt 0.375000 0.750000
vt 0.843750 0.250000
vt 0.812500 0.250000
vt 0.812500 0.218750
vt 0.781250 0.250000
vt 0.781250 0.218750
vt 0.781250 0.187500
vt 0.750000 0.156250
vt 0.781250 0.156250
vt 0.656250 0.250000
vt 0.656250 0.218750
vt 0.625000 0.750000
vt 0.625000 0.750000
vt 0.656250 0.187500
vt 0.656250 0.156250
vt 0.687500 0.156250
vt 0.718750 0.156250
vt 0.343750 0.000000
vt 0.343750 0.031250
vt 0.625000 0.500000
vt 0.625000 0.500000
vt 0.343750 0.062500
vt 0.343750 0.093750
vt 0.312500 0.093750
vt 0.281250 0.125000
vt 0.281250 0.093750
vt 0.343750 0.218750
vt 0.424588 0.500000
vt 0.424588 0.500000
vt 0.343750 0.250000
vt 0.312500 0.250000
vt 0.312500 0.218750
vt 0.281250 0.250000
vt 0.281250 0.218750
vt 0.281250 0.187500
vt 0.250000 0.156250
vt 0.281250 0.156250
vt 0.156250 0.250000
vt 0.156250 0.218750
vt 0.125000 0.218750
vt 0.125000 0.187500
vt 0.156250 0.187500
vt 0.125000 0.156250
vt 0.156250 0.156250
vt 0.187500 0.156250
vt 0.218750 0.156250
vt 0.437500 0.125000
vt 0.406250 0.125000
vt 0.406250 0.093750
vt 0.437500 0.093750
vt 0.375000 0.125000
vt 0.375000 0.093750
vt 0.375000 0.062500
vt 0.406250 0.062500
vt 0.437500 0.062500
vt 0.437500 0.375000
vt 0.406250 0.375000
vt 0.406250 0.343750
vt 0.437500 0.343750
vt 0.375000 0.375000
vt 0.375000 0.343750
vt 0.375000 0.312500
vt 0.406250 0.312500
vt 0.437500 0.312500
vt 0.437500 0.625000
vt 0.406250 0.625000
vt 0.406250 0.593750
vt 0.437500 0.593750
vt 0.375000 0.625000
vt 0.375000 0.593750
vt 0.375000 0.562500
vt 0.406250 0.562500
vt 0.437500 0.562500
vt 0.437500 0.875000
vt 0.406250 0.875000
vt 0.406250 0.843750
vt 0.437500 0.843750
vt 0.375000 0.875000
vt 0.375000 0.843750
vt 0.375000 0.812500
vt 0.406250 0.812500
vt 0.437500 0.812500
vt 0.687500 0.125000
vt 0.656250 0.125000
vt 0.656250 0.093750
vt 0.687500 0.093750
vt 0.625000 0.125000
vt 0.625000 0.093750
vt 0.625000 0.062500
vt 0.656250 0.062500
vt 0.687500 0.062500
vt 0.187500 0.125000
vt 0.156250 0.125000
vt 0.156250 0.093750
vt 0.187500 0.093750
vt 0.125000 0.125000
vt 0.125000 0.093750
vt 0.125000 0.062500
vt 0.156250 0.062500
vt 0.187500 0.062500
vt 0.500000 0.062500
vt 0.500000 0.031250
vt 0.531250 0.031250
vt 0.531250 0.062500
vt 0.500000 0.000000
vt 0.531250 0.000000
vt 0.562500 0.000000
vt 0.562500 0.031250
vt 0.562500 0.062500
vt 0.562500 0.125000
vt 0.593750 0.125000
vt 0.593750 0.156250
vt 0.562500 0.156250
vt 0.625000 0.156250
vt 0.625000 0.187500
vt 0.593750 0.187500
vt 0.562500 0.187500
vt 0.500000 0.187500
vt 0.500000 0.218750
vt 0.468750 0.218750
vt 0.468750 0.187500
vt 0.500000 0.250000
vt 0.468750 0.250000
vt 0.437500 0.250000
vt 0.437500 0.218750
vt 0.437500 0.187500
vt 0.500000 0.312500
vt 0.500000 0.281250
vt 0.531250 0.281250
vt 0.531250 0.312500
vt 0.531250 0.250000
vt 0.562500 0.250000
vt 0.562500 0.281250
vt 0.562500 0.312500
vt 0.562500 0.375000
vt 0.593750 0.375000
vt 0.593750 0.406250
vt 0.562500 0.406250
vt 0.625000 0.375000
vt 0.625000 0.406250
vt 0.625000 0.437500
vt 0.593750 0.437500
vt 0.562500 0.437500
vt 0.500000 0.437500
vt 0.500000 0.468750
vt 0.468750 0.468750
vt 0.468750 0.437500
vt 0.500000 0.500000
vt 0.468750 0.500000
vt 0.437500 0.500000
vt 0.437500 0.468750
vt 0.437500 0.437500
vt 0.500000 0.562500
vt 0.500000 0.531250
vt 0.531250 0.531250
vt 0.531250 0.562500
vt 0.531250 0.500000
vt 0.562500 0.500000
vt 0.562500 0.531250
vt 0.562500 0.562500
vt 0.562500 0.625000
vt 0.593750 0.625000
vt 0.593750 0.656250
vt 0.562500 0.656250
vt 0.625000 0.625000
vt 0.625000 0.656250
vt 0.625000 0.687500
vt 0.593750 0.687500
vt 0.562500 0.687500
vt 0.500000 0.687500
vt 0.500000 0.718750
vt 0.468750 0.718750
vt 0.468750 0.687500
vt 0.500000 0.750000
vt 0.468750 0.750000
vt 0.437500 0.750000
vt 0.437500 0.718750
vt 0.437500 0.687500
vt 0.500000 0.812500
vt 0.500000 0.781250
vt 0.531250 0.781250
vt 0.531250 0.812500
vt 0.531250 0.750000
vt 0.562500 0.750000
vt 0.562500 0.781250
vt 0.562500 0.812500
vt 0.562500 0.875000
vt 0.593750 0.875000
vt 0.593750 0.906250
vt 0.562500 0.906250
vt 0.625000 0.875000
vt 0.625000 0.906250
vt 0.625000 0.937500
vt 0.593750 0.937500
vt 0.562500 0.937500
vt 0.500000 0.937500
vt 0.500000 0.968750
vt 0.468750 0.968750
vt 0.468750 0.937500
vt 0.500000 1.000000
vt 0.468750 1.000000
vt 0.437500 1.000000
vt 0.437500 0.968750
vt 0.437500 0.937500
vt 0.750000 0.062500
vt 0.750000 0.031250
vt 0.781250 0.031250
vt 0.781250 0.062500
vt 0.750000 0.000000
vt 0.781250 0.000000
vt 0.812500 0.000000
vt 0.812500 0.031250
vt 0.812500 0.062500
vt 0.812500 0.125000
vt 0.843750 0.125000
vt 0.843750 0.156250
vt 0.812500 0.156250
vt 0.875000 0.125000
vt 0.875000 0.156250
vt 0.875000 0.187500
vt 0.843750 0.187500
vt 0.812500 0.187500
vt 0.750000 0.187500
vt 0.750000 0.218750
vt 0.718750 0.218750
vt 0.718750 0.187500
vt 0.750000 0.250000
vt 0.718750 0.250000
vt 0.687500 0.250000
vt 0.687500 0.218750
vt 0.687500 0.187500
vt 0.250000 0.062500
vt 0.250000 0.031250
vt 0.281250 0.031250
vt 0.281250 0.062500
vt 0.250000 0.000000
vt 0.281250 0.000000
vt 0.312500 0.000000
vt 0.312500 0.031250
vt 0.312500 0.062500
vt 0.312500 0.125000
vt 0.343750 0.125000
vt 0.343750 0.156250
vt 0.312500 0.156250
vt 0.375000 0.156250
vt 0.375000 0.187500
vt 0.343750 0.187500
vt 0.312500 0.187500
vt 0.250000 0.187500
vt 0.250000 0.218750
vt 0.218750 0.218750
vt 0.218750 0.187500
vt 0.250000 0.250000
vt 0.218750 0.250000
vt 0.187500 0.250000
vt 0.187500 0.218750
vt 0.187500 0.187500
vt 0.375000 0.031250
vt 0.406250 0.031250
vt 0.375000 0.750000
vt 0.375000 0.570127
vt 0.406250 0.000000
vt 0.437500 0.000000
vt 0.437500 0.031250
vt 0.468750 0.000000
vt 0.468750 0.031250
vt 0.468750 0.062500
vt 0.500000 0.093750
vt 0.468750 0.093750
vt 0.500000 0.125000
vt 0.468750 0.125000
vt 0.375000 0.281250
vt 0.406250 0.281250
vt 3.536207 0.322018
vt -3.910117 0.322018
vt -3.910117 0.322018
vt 3.536207 0.322018
vt 0.406250 0.250000
vt 0.437500 0.281250
vt 0.468750 0.281250
vt 0.468750 0.312500
vt 0.500000 0.343750
vt 0.468750 0.343750
vt 0.500000 0.375000
vt 0.468750 0.375000
vt 0.375000 0.531250
vt 0.406250 0.531250
vt 0.625000 0.500000
vt 0.625000 0.750000
vt 0.406250 0.500000
vt 0.437500 0.531250
vt 0.468750 0.531250
vt 0.468750 0.562500
vt 0.500000 0.593750
vt 0.468750 0.593750
vt 0.500000 0.625000
vt 0.468750 0.625000
vt 0.375000 0.781250
vt 0.406250 0.781250
vt 0.406250 0.750000
vt 0.437500 0.781250
vt 0.468750 0.781250
vt 0.468750 0.812500
vt 0.500000 0.843750
vt 0.468750 0.843750
vt 0.500000 0.875000
vt 0.468750 0.875000
vt 0.625000 0.031250
vt 0.656250 0.031250
vt 0.424588 0.500000
vt 0.656250 0.000000
vt 0.687500 0.000000
vt 0.687500 0.031250
vt 0.718750 0.000000
vt 0.718750 0.031250
vt 0.718750 0.062500
vt 0.750000 0.093750
vt 0.718750 0.093750
vt 0.750000 0.125000
vt 0.718750 0.125000
vt 0.125000 0.031250
vt 0.156250 0.031250
vt -3.910117 -0.500000
vt 3.536207 -0.500000
vt 3.536207 -0.500000
vt -3.910117 -0.500000
vt 0.156250 0.000000
vt 0.187500 0.000000
vt 0.187500 0.031250
vt 0.218750 0.000000
vt 0.218750 0.031250
vt 0.218750 0.062500
vt 0.250000 0.093750
vt 0.218750 0.093750
vt 0.250000 0.125000
vt 0.218750 0.125000
vt 0.593750 0.000000
vt 0.593750 0.031250
vt 0.625000 0.750000
vt 0.593750 0.062500
vt 0.593750 0.093750
vt 0.562500 0.093750
vt 0.531250 0.125000
vt 0.531250 0.093750
vt 0.625000 0.218750
vt 0.593750 0.218750
vt 3.536207 0.322018
vt -3.910117 0.322018
vt -3.910117 0.322018
vt 3.536207 0.322018
vt 0.593750 0.250000
vt 0.562500 0.218750
vt 0.531250 0.218750
vt 0.531250 0.187500
vt 0.500000 0.156250
vt 0.531250 0.156250
vt 0.406250 0.218750
vt 0.424588 0.500000
vt 0.625000 0.500000
vt 0.375000 0.218750
vt 0.406250 0.187500
vt 0.406250 0.156250
vt 0.437500 0.156250
vt 0.468750 0.156250
vt 0.593750 0.281250
vt 0.625000 0.281250
vt 0.625000 0.312500
vt 0.593750 0.312500
vt 0.625000 0.343750
vt 0.593750 0.343750
vt 0.562500 0.343750
vt 0.531250 0.375000
vt 0.531250 0.343750
vt 0.625000 0.468750
vt 0.593750 0.468750
vt 0.000000 0.802677
vt 0.000000 1.000000
vt 1.000000 1.000000
vt 1.000000 0.802677
vt 0.593750 0.500000
vt 0.562500 0.468750
vt 0.531250 0.468750
vt 0.531250 0.437500
vt 0.500000 0.406250
vt 0.531250 0.406250
vt 0.406250 0.468750
vt 0.000000 0.601347
vt 1.000000 0.601347
vt 0.375000 0.468750
vt 0.375000 0.437500
vt 0.406250 0.437500
vt 0.375000 0.406250
vt 0.406250 0.406250
vt 0.437500 0.406250
vt 0.468750 0.406250
vt 0.593750 0.531250
vt 0.000000 0.398653
vt 1.000000 0.398653
vt 0.625000 0.531250
vt 0.625000 0.562500
vt 0.593750 0.562500
vt 0.625000 0.593750
vt 0.593750 0.593750
vt 0.562500 0.593750
vt 0.531250 0.625000
vt 0.531250 0.593750
vt 0.625000 0.718750
vt 0.593750 0.718750
vt 0.000000 0.197323
vt 1.000000 0.197323
vt 0.593750 0.750000
vt 0.562500 0.718750
vt 0.531250 0.718750
vt 0.531250 0.687500
vt 0.500000 0.656250
vt 0.531250 0.656250
vt 0.406250 0.718750
vt 0.375000 0.718750
vt 0.375000 0.687500
vt 0.406250 0.687500
vt 0.375000 0.656250
vt 0.406250 0.656250
vt 0.437500 0.656250
vt 0.468750 0.656250
vt 0.593750 0.781250
vt 0.625000 0.781250
vt 0.625000 0.812500
vt 0.593750 0.812500
vt 0.625000 0.843750
vt 0.593750 0.843750
vt 0.562500 0.843750
vt 0.531250 0.875000
vt 0.531250 0.843750
vt 0.625000 0.968750
vt 0.593750 0.968750
vt 0.375000 0.429873
vt 0.625000 0.429873
vt 0.625000 0.294496
vt 0.375000 0.294496
vt 0.593750 1.000000
vt 0.562500 1.000000
vt 0.562500 0.968750
vt 0.531250 1.000000
vt 0.531250 0.968750
vt 0.531250 0.937500
vt 0.500000 0.906250
vt 0.531250 0.906250
vt 0.406250 1.000000
vt 0.406250 0.968750
vt 3.536207 0.322018
vt 3.536207 0.322018
vt 3.536207 0.322018
vt 3.536207 0.322018
vt 0.375000 0.968750
vt 0.375000 0.937500
vt 0.406250 0.937500
vt 0.375000 0.906250
vt 0.406250 0.906250
vt 0.437500 0.906250
vt 0.468750 0.906250
vt 0.843750 0.000000
vt 0.843750 0.031250
vt -3.910117 0.322018
vt -3.910117 0.322018
vt 0.875000 0.031250
vt 0.875000 0.062500
vt 0.843750 0.062500
vt 0.875000 0.093750
vt 0.843750 0.093750
vt 0.812500 0.093750
vt 0.781250 0.125000
vt 0.781250 0.093750
vt 0.875000 0.218750
vt 0.843750 0.218750
vt -3.910117 0.322018
vt -3.910117 0.322018
vt 0.843750 0.250000
vt 0.812500 0.250000
vt 0.812500 0.218750
vt 0.781250 0.250000
vt 0.781250 0.218750
vt 0.781250 0.187500
vt 0.750000 0.156250
vt 0.781250 0.156250
vt 0.656250 0.250000
vt 0.656250 0.218750
vt 0.656250 0.187500
vt 0.656250 0.156250
vt 0.687500 0.156250
vt 0.718750 0.156250
vt 0.343750 0.000000
vt 0.343750 0.031250
vt 4.160401 0.322018
vt 4.160401 0.322018
vt 0.343750 0.062500
vt 0.343750 0.093750
vt 0.312500 0.093750
vt 0.281250 0.125000
vt 0.281250 0.093750
vt 0.343750 0.218750
vt -3.285923 0.322018
vt -3.285923 0.322018
vt 0.343750 0.250000
vt 0.312500 0.250000
vt 0.312500 0.218750
vt 0.281250 0.250000
vt 0.281250 0.218750
vt 0.281250 0.187500
vt 0.250000 0.156250
vt 0.281250 0.156250
vt 0.156250 0.250000
vt 0.156250 0.218750
vt 0.125000 0.218750
vt 0.125000 0.187500
vt 0.156250 0.187500
vt 0.125000 0.156250
vt 0.156250 0.156250
vt 0.187500 0.156250
vt 0.218750 0.156250
vt 0.625000 1.000000
vt 0.375000 1.000000
vt 0.125000 0.000000
vt 0.125000 0.250000
vt 0.625000 1.000000
vt 0.375000 1.000000
vt 0.625000 0.000000
vt 0.875000 0.000000
vt 0.875000 0.250000
vt 0.625000 0.250000
vt 0.375000 0.205504
vt 0.625000 0.205504
vt 0.625000 0.000000
vt 0.375000 0.000000
vt 0.624513 0.276736
vt 0.375487 0.276736
vt 0.624275 0.258908
vt 0.375725 0.258908
vt 0.624275 0.241092
vt 0.375725 0.241092
vt 0.624513 0.223263
vt 0.375487 0.223264
vt 0.375000 0.205504
vt 4.536207 -0.500000
vt 4.536207 -0.500000
vt 4.536207 0.500000
vt 4.536207 0.500000
vt 3.662060 0.500000
vt 3.662060 0.500000
vt 3.536207 0.322018
vt 3.536207 0.322018
vt 0.375000 0.000000
vt 0.375000 0.250000
vt 0.375000 0.500000
vt 0.375000 0.750000
vt 0.625000 0.000000
vt 0.125000 0.000000
vt 0.625000 0.250000
vt 0.625000 0.500000
vt 0.625000 0.750000
vt 0.625000 1.000000
vt 0.375000 1.000000
vt 0.875000 0.000000
vt 0.875000 0.250000
vt 0.125000 0.250000
vt 0.375000 0.000000
vt 0.375000 0.250000
vt 0.375000 0.500000
vt 0.375000 0.750000
vt 0.625000 0.000000
vt 0.125000 0.000000
vt 0.625000 0.250000
vt 0.625000 0.500000
vt 0.625000 0.750000
vt 0.625000 1.000000
vt 0.375000 1.000000
vt 0.875000 0.000000
vt 0.875000 0.250000
vt 0.125000 0.250000
vt 0.625000 0.000000
vt 0.625000 0.250000
vt 0.406463 0.250000
vt 0.406463 0.250000
vt 0.000000 0.000000
vt 0.000000 0.000000
vt 0.000000 0.000000
vt 0.000000 0.000000
vt 0.000000 0.000000
vt 0.000000 0.000000
vt 0.625000 0.250000
vt 0.018102 0.000000
vt 0.000000 0.197323
vt 1.000000 0.197323
vt 0.982122 0.000000
vt 0.625000 0.603420
vt 0.000000 0.000000
vt 0.000000 0.000000
vt 0.375000 0.750000
vt 0.388592 0.550906
vt 0.375000 0.603421
vt 0.375000 0.750000
vt 0.624106 0.596560
vt 0.624419 0.596902
vt 0.625000 0.603420
vt 0.623201 0.589767
vt 0.623640 0.590285
vt 0.622298 0.583054
vt 0.622695 0.583578
vt 0.621410 0.576503
vt 0.621637 0.576842
vt 0.620529 0.570127
vt 0.620529 0.570127
vt 0.379471 0.570127
vt 0.377705 0.570222
vt 0.378363 0.576849
vt 0.379471 0.570127
vt 0.375907 0.570230
vt 0.377308 0.583601
vt 0.375594 0.585656
vt 0.376362 0.590310
vt 0.375288 0.599016
vt 0.375582 0.596917
vt 0.375000 0.603420
vt 0.622377 0.569762
vt 0.625000 0.570127
vt 0.617437 0.562297
vt 0.623250 0.572577
vt 0.621665 0.572780
vt 0.621327 0.571833
vt 0.622228 0.574723
vt 0.375162 0.677889
vt 0.375104 0.591873
vt 0.375000 0.570127
vt 0.375276 0.582195
vt 0.375000 0.570127
vt 0.375292 0.622989
vt 0.375236 0.610404
vt 0.375352 0.599451
vn 0.000000 0.000000 1.000000
vn 0.000000 0.000000 1.000000
vn 0.000000 0.000000 1.000000
vn 0.000000 0.000000 1.000000
vn 0.000000 0.000000 -1.000000
vn 0.000000 0.000000 -1.000000
vn 0.000000 0.078440 -0.996919
vn 0.000000 0.088697 -0.996059
vn 0.000000 -1.000000 0.000000
vn 0.000000 -1.000000 0.000000
vn 0.000000 -1.000000 0.000000
vn 0.000000 -1.000000 0.000000
vn 1.000000 0.000000 0.000000
vn 1.000000 0.000000 0.000000
vn 1.000000 0.000000 0.000000
vn 1.000000 0.000000 0.000000
vn -1.000000 0.000000 0.000000
vn -1.000000 0.000000 0.000000
vn -1.000000 0.000000 0.000000
vn -1.000000 0.000000 0.000000
vn 0.000000 0.000000 1.000000
vn 0.000000 0.000000 1.000000
vn 0.000000 0.000000 1.000000
vn 0.000000 0.000000 1.000000
vn 0.000000 0.000000 1.000000
vn 0.000000 0.000000 1.000000
vn 0.000000 0.000000 1.000000
vn 0.000000 0.000000 1.000000
vn 0.000000 0.000000 1.000000
vn 0.000000 0.000000 1.000000
vn -0.000000 0.000000 1.000000
vn -0.000000 0.000000 1.000000
vn 0.000000 1.000000 0.000000
vn 0.000000 1.000000 0.000000
vn 0.000000 1.000000 0.000000
vn 0.000000 1.000000 0.000000
vn 0.000000 0.000000 -1.000000
vn 0.000000 0.000000 -1.000000
vn 0.000000 0.000000 -1.000000
vn 0.000000 0.000000 -1.000000
vn 0.000000 0.000000 -1.000000
vn 0.000000 0.000000 -1.000000
vn 0.000000 0.000000 -1.000000
vn 0.000000 0.000000 -1.000000
vn 0.000000 -1.000000 0.000000
vn 0.000000 -1.000000 0.000000
vn 0.000000 -1.000000 0.000000
vn 0.000000 -1.000000 0.000000
vn 0.000000 -1.000000 0.000000
vn 0.000000 -1.000000 0.000000
vn 0.000000 -1.000000 0.000000
vn 0.000000 -1.000000 0.000000
vn 0.000000 -1.000000 0.000000
vn 0.000000 -1.000000 0.000000
vn 0.000000 -1.000000 0.000000
vn 0.000000 -1.000000 0.000000
vn 1.000000 0.000000 0.000000
vn 1.000000 0.000000 0.000000
vn 1.000000 0.000000 0.000000
vn 1.000000 0.000000 0.000000
vn 1.000000 0.000000 0.000000
vn 1.000000 0.000000 0.000000
vn 0.996951 0.078036 0.000000
vn 0.996078 0.088484 0.000000
vn -1.000000 0.000000 0.000000
vn -1.000000 0.000000 0.000000
vn -1.000000 0.000000 0.000000
vn -1.000000 0.000000 0.000000
vn -1.000000 0.000000 0.000000
vn -1.000000 0.000000 0.000000
vn -0.996036 0.088950 0.000000
vn -0.996036 0.088950 0.000000
vn 0.000000 0.000000 1.000000
vn 0.000000 0.000000 1.000000
vn 0.000000 0.000000 1.000000
vn 0.000000 0.000000 1.000000
vn 0.000000 0.000000 1.000000
vn 0.000000 0.000000 1.000000
vn 0.000000 0.000000 1.000000
vn 0.000000 0.000000 1.000000
vn 0.000000 0.000000 1.000000
vn 0.000000 0.000000 1.000000
vn 0.000000 0.000000 1.000000
vn 0.000000 0.000000 1.000000
vn 0.000000 1.000000 0.000000
vn 0.000000 1.000000 0.000000
vn 0.000000 1.000000 0.000000
vn 0.000000 1.000000 0.000000
vn 0.000000 1.000000 0.000000
vn 0.000000 1.000000 0.000000
vn 0.000000 1.000000 0.000000
vn 0.000000 0.088947 -0.996036
vn 0.000000 0.000000 -1.000000
vn 0.000000 0.000000 -1.000000
vn 0.000000 -1.000000 0.000000
vn 0.000000 -1.000000 0.000000
vn 0.000000 -1.000000 0.000000
vn 0.000000 -1.000000 0.000000
vn 0.000000 -1.000000 0.000000
vn 0.000000 -1.000000 0.000000
vn 0.000000 -1.000000 0.000000
vn 0.000000 -1.000000 0.000000
vn 0.000000 -1.000000 0.000000
vn 0.000000 -1.000000 0.000000
vn 0.000000 -1.000000 0.000000
vn 0.000000 -1.000000 0.000000
vn 1.000000 0.000000 0.000000
vn 1.000000 0.000000 0.000000
vn 1.000000 0.000000 0.000000
vn 1.000000 0.000000 0.000000
vn 1.000000 0.000000 0.000000
vn 1.000000 0.000000 0.000000
vn 1.000000 0.000000 0.000000
vn 1.000000 0.000000 0.000000
vn 1.000000 0.000000 0.000000
vn 1.000000 0.000000 0.000000
vn 1.000000 0.000000 0.000000
vn 1.000000 0.000000 0.000000
vn -1.000000 0.000000 0.000000
vn -1.000000 0.000000 0.000000
vn -1.000000 0.000000 0.000000
vn -1.000000 0.000000 0.000000
vn -1.000000 0.000000 0.000000
vn -1.000000 0.000000 0.000000
vn -1.000000 0.000000 0.000000
vn -1.000000 0.000000 0.000000
vn -1.000000 0.000000 0.000000
vn -1.000000 0.000000 0.000000
vn -1.000000 0.000000 0.000000
vn -1.000000 0.000000 0.000000
vn 0.000000 0.000000 1.000000
vn 0.000000 0.000000 1.000000
vn 0.000000 0.000000 1.000000
vn 0.000000 0.000000 1.000000
vn 0.000000 0.000000 1.000000
vn 0.000000 0.000000 1.000000
vn 0.000000 0.000000 1.000000
vn 0.000000 0.000000 1.000000
vn 0.000000 0.000000 1.000000
vn 0.000000 0.000000 1.000000
vn 0.000000 0.000000 1.000000
vn 0.000000 0.000000 1.000000
vn 0.000000 0.000000 1.000000
vn 0.000000 0.000000 1.000000
vn 0.000000 0.000000 1.000000
vn 0.000000 0.000000 1.000000
vn 0.000000 0.000000 1.000000
vn 0.000000 0.000000 1.000000
vn 0.000000 0.000000 1.000000
vn -0.000000 0.000000 1.000000
vn 0.000000 0.000000 1.000000
vn 0.000000 0.000000 1.000000
vn 0.000000 0.000000 1.000000
vn 0.000000 0.000000 1.000000
vn 0.000000 0.000000 1.000000
vn 0.000000 0.000000 1.000000
vn 0.000000 1.000000 0.000000
vn 0.000000 1.000000 0.000000
vn 0.000000 1.000000 0.000000
vn 0.000000 1.000000 0.000000
vn 0.000000 1.000000 0.000000
vn 0.000000 1.000000 0.000000
vn 0.000000 1.000000 0.000000
vn 0.000000 1.000000 0.000000
vn 0.000000 0.078440 -0.996919
vn 0.000000 0.000000 -1.000000
vn 0.000000 0.000000 -1.000000
vn 0.000000 0.088697 -0.996059
vn 0.000000 0.000000 -1.000000
vn 0.000000 0.000000 -1.000000
vn 0.000000 0.000000 -1.000000
vn 0.000000 0.000000 -1.000000
vn 0.000000 0.000000 -1.000000
vn 0.000000 0.000000 -1.000000
vn 0.000000 0.000000 -1.000000
vn 0.000000 0.000000 -1.000000
vn 0.000000 0.000000 -1.000000
vn 0.000000 0.000000 -1.000000
vn 0.000000 0.000000 -1.000000
vn 0.000000 0.000000 -1.000000
vn 0.000000 0.000000 -1.000000
vn 0.000000 0.000000 -1.000000
vn 0.000000 0.000000 -1.000000
vn 0.000000 0.000000 -1.000000
vn 0.000000 0.000000 -1.000000
vn 0.000000 0.000000 -1.000000
vn 0.000000 0.000000 -1.000000
vn 0.000000 0.000000 -1.000000
vn 0.000000 0.000000 -1.000000
vn 0.000000 0.000000 -1.000000
vn 0.000000 0.000000 -1.000000
vn 0.000000 0.000000 -1.000000
vn 0.000000 0.000000 -1.000000
vn 0.000000 0.000000 -1.000000
vn 0.000000 -1.000000 0.000000
vn 0.000000 -1.000000 0.000000
vn 0.000000 -1.000000 0.000000
vn 0.000000 -1.000000 0.000000
vn 0.000000 -1.000000 0.000000
vn 0.000000 -1.000000 0.000000
vn 0.000000 -1.000000 0.000000
vn 0.000000 -1.000000 0.000000
vn 0.000000 -1.000000 0.000000
vn 0.000000 -1.000000 0.000000
vn 0.000000 -1.000000 0.000000
vn 0.000000 -1.000000 0.000000
vn 0.000000 -1.000000 0.000000
vn 0.000000 -1.000000 0.000000
vn 0.000000 -1.000000 0.000000
vn 0.000000 -1.000000 0.000000
vn 0.000000 -1.000000 0.000000
vn 0.000000 -1.000000 0.000000
vn 0.000000 -1.000000 0.000000
vn 0.000000 -1.000000 0.000000
vn 0.000000 -1.000000 0.000000
vn 0.000000 -1.000000 0.000000
vn 0.000000 -1.000000 0.000000
vn 0.000000 -1.000000 0.000000
vn 0.000000 -1.000000 0.000000
vn 0.000000 -1.000000 0.000000
vn 0.000000 -1.000000 0.000000
vn 0.000000 -1.000000 0.000000
vn 0.000000 -1.000000 0.000000
vn 0.000000 -1.000000 0.000000
vn 0.000000 -1.000000 0.000000
vn 0.000000 -1.000000 0.000000
vn 0.000000 -1.000000 0.000000
vn 0.000000 -1.000000 0.000000
vn 0.000000 -1.000000 0.000000
vn 0.000000 -1.000000 0.000000
vn 1.000000 0.000000 0.000000
vn 1.000000 0.000000 0.000000
vn 1.000000 0.000000 0.000000
vn 1.000000 0.000000 0.000000
vn 1.000000 0.000000 0.000000
vn 1.000000 0.000000 0.000000
vn 1.000000 0.000000 0.000000
vn 1.000000 0.000000 0.000000
vn 1.000000 0.000000 0.000000
vn 1.000000 0.000000 0.000000
vn 1.000000 0.000000 0.000000
vn 1.000000 0.000000 0.000000
vn 0.996036 0.088950 0.000000
vn 1.000000 0.000000 0.000000
vn 1.000000 0.000000 0.000000
vn 0.996036 0.088950 0.000000
vn 1.000000 0.000000 0.000000
vn 1.000000 0.000000 0.000000
vn 0.996036 0.088950 0.000000
vn 1.000000 0.000000 0.000000
vn 1.000000 0.000000 0.000000
vn -1.000000 0.000000 0.000000
vn -1.000000 0.000000 0.000000
vn -1.000000 0.000000 0.000000
vn -1.000000 0.000000 0.000000
vn -1.000000 0.000000 0.000000
vn -1.000000 0.000000 0.000000
vn -1.000000 0.000000 0.000000
vn -1.000000 0.000000 0.000000
vn -1.000000 0.000000 0.000000
vn -1.000000 0.000000 0.000000
vn -1.000000 0.000000 0.000000
vn -1.000000 0.000000 0.000000
vn -0.996036 0.088950 0.000000
vn -1.000000 0.000000 0.000000
vn -1.000000 0.000000 0.000000
vn -0.996951 0.078036 0.000000
vn -1.000000 0.000000 0.000000
vn -1.000000 0.000000 0.000000
vn -0.996078 0.088484 0.000000
vn -1.000000 0.000000 0.000000
vn -1.000000 0.000000 0.000000
vn 0.000000 0.422431 -0.906395
vn 0.000000 0.498110 -0.867114
vn -0.226661 0.868652 -0.440532
vn 0.000000 0.864115 -0.503295
vn -0.023019 0.998624 -0.047120
vn 0.000000 0.999338 -0.036392
vn 0.018152 0.999835 0.000000
vn 0.500000 0.866026 0.000000
vn 0.500000 0.866025 0.000000
vn 0.018152 0.999835 0.000000
vn 0.707106 0.707107 0.000000
vn 0.707106 0.707107 0.000000
vn 0.965932 0.258795 0.000000
vn 0.965933 0.258794 0.000000
vn 0.018152 0.999835 0.000000
vn 0.500000 0.866026 0.000000
vn 0.506320 0.862346 0.000000
vn 0.018717 0.999825 0.000000
vn 0.707106 0.707107 0.000000
vn 0.707106 0.707108 0.000000
vn 0.965933 0.258794 0.000000
vn 0.965932 0.258795 0.000000
vn -0.018152 0.999835 0.000000
vn -0.018152 0.999835 0.000000
vn 0.000000 0.999357 -0.035867
vn -0.018152 0.999835 0.000000
vn 0.023019 0.998624 -0.047120
vn 0.000000 0.999338 -0.036392
vn -0.018717 0.999825 0.000000
vn -0.000000 0.000000 1.000000
vn -0.000000 0.000000 1.000000
vn -0.000000 0.000000 1.000000
vn 0.000000 0.000000 1.000000
vn 0.000000 0.000000 1.000000
vn 0.000000 0.000000 1.000000
vn -0.965932 0.258796 0.000000
vn -0.965932 0.258795 0.000000
vn -0.506320 0.862346 0.000000
vn -0.707106 0.707108 0.000000
vn -0.707106 0.707108 0.000000
vn -0.965932 0.258795 0.000000
vn -0.965933 0.258794 0.000000
vn -0.707106 0.707107 0.000000
vn -0.500000 0.866026 0.000000
vn -0.500000 0.866026 0.000000
vn -0.707106 0.707107 0.000000
vn 0.965932 0.258796 0.000000
vn 0.226661 0.868652 -0.440532
vn 0.707106 0.707108 0.000000
vn 0.000000 0.499974 -0.866040
vn 0.000000 0.866026 -0.499999
vn 0.000000 0.498110 -0.867114
vn 0.000000 0.864115 -0.503295
vn -0.965933 0.258794 0.000000
vn -0.500000 0.866026 0.000000
vn -0.707106 0.707107 0.000000
vn 0.000000 0.422431 -0.906395
vn 0.000000 0.000000 1.000000
vn -0.071233 0.000000 0.997460
vn -0.071233 0.000000 0.997460
vn 0.000000 0.000000 1.000000
vn -0.447140 0.000000 0.894464
vn -0.447140 0.000000 0.894464
vn -0.447140 0.000000 0.894464
vn -0.071233 0.000000 0.997460
vn 0.000000 0.000000 1.000000
vn 0.000000 1.000000 0.000000
vn -0.026820 0.999640 0.000000
vn -0.026820 0.999640 0.000000
vn 0.000000 1.000000 0.000000
vn -0.184579 0.982818 0.000000
vn -0.184579 0.982818 0.000000
vn -0.184579 0.982818 0.000000
vn -0.026820 0.999640 0.000000
vn 0.000000 1.000000 0.000000
vn 0.000000 0.000000 -1.000000
vn -0.071232 0.000000 -0.997460
vn -0.071232 0.000000 -0.997460
vn 0.000000 0.000000 -1.000000
vn -0.447140 0.000000 -0.894464
vn -0.447140 0.000000 -0.894464
vn -0.447140 0.000000 -0.894464
vn -0.071232 0.000000 -0.997460
vn 0.000000 0.000000 -1.000000
vn 0.000000 -1.000000 0.000000
vn -0.026820 -0.999640 0.000000
vn -0.026820 -0.999640 0.000000
vn 0.000000 -1.000000 0.000000
vn -0.184579 -0.982818 0.000000
vn -0.184579 -0.982818 0.000000
vn -0.184579 -0.982818 0.000000
vn -0.026820 -0.999640 0.000000
vn 0.000000 -1.000000 0.000000
vn 1.000000 0.000000 0.000000
vn 0.961509 0.000000 0.274773
vn 0.961509 0.000000 0.274773
vn 1.000000 0.000000 0.000000
vn 0.447140 0.000000 0.894464
vn 0.447140 0.000000 0.894464
vn 0.447140 0.000000 0.894464
vn 0.961509 0.000000 0.274773
vn 1.000000 0.000000 0.000000
vn -1.000000 0.000000 0.000000
vn -0.961509 0.000000 -0.274773
vn -0.961509 0.000000 -0.274773
vn -1.000000 0.000000 0.000000
vn -0.447140 0.000000 -0.894464
vn -0.447140 0.000000 -0.894464
vn -0.961509 0.000000 -0.274773
vn -1.000000 0.000000 0.000000
vn 0.000000 0.000000 1.000000
vn 0.000000 -0.355424 0.934705
vn 0.000000 -0.355424 0.934705
vn 0.000000 0.000000 1.000000
vn 0.000000 -0.936117 0.351689
vn 0.000000 -0.936117 0.351689
vn 0.000000 -0.936117 0.351689
vn 0.000000 -0.355424 0.934705
vn 0.000000 0.000000 1.000000
vn 0.000000 0.000000 1.000000
vn 0.071233 0.000000 0.997460
vn 0.071233 0.000000 0.997460
vn 0.000000 0.000000 1.000000
vn 0.447140 0.000000 0.894464
vn 0.447140 0.000000 0.894464
vn 0.071233 0.000000 0.997460
vn 0.000000 0.000000 1.000000
vn 0.000000 0.000000 1.000000
vn 0.000000 0.355424 0.934705
vn 0.000000 0.355424 0.934705
vn 0.000000 0.000000 1.000000
vn 0.000000 0.936117 0.351690
vn 0.000000 0.936117 0.351690
vn 0.000000 0.936117 0.351690
vn 0.000000 0.355424 0.934705
vn 0.000000 0.000000 1.000000
vn 0.000000 1.000000 0.000000
vn 0.000000 0.998563 0.053593
vn 0.000000 0.998563 0.053593
vn 0.000000 1.000000 0.000000
vn 0.000000 0.936117 0.351690
vn 0.000000 0.936117 0.351689
vn 0.000000 0.998563 0.053593
vn 0.000000 1.000000 0.000000
vn 0.000000 1.000000 0.000000
vn 0.026820 0.999640 0.000000
vn 0.026820 0.999640 0.000000
vn 0.000000 1.000000 0.000000
vn 0.184580 0.982818 0.000000
vn 0.184580 0.982818 0.000000
vn 0.184580 0.982818 0.000000
vn 0.026820 0.999640 0.000000
vn 0.000000 1.000000 0.000000
vn 0.000000 1.000000 0.000000
vn 0.000000 0.998563 -0.053593
vn 0.000000 0.998563 -0.053593
vn 0.000000 1.000000 0.000000
vn 0.000000 0.936117 -0.351690
vn 0.000000 0.936117 -0.351690
vn 0.000000 0.936117 -0.351690
vn 0.000000 0.998563 -0.053593
vn 0.000000 1.000000 0.000000
vn 0.000000 0.000000 -1.000000
vn 0.000000 0.355424 -0.934705
vn 0.000000 0.355424 -0.934705
vn 0.000000 0.000000 -1.000000
vn 0.000000 0.936117 -0.351690
vn 0.000000 0.936117 -0.351690
vn 0.000000 0.355424 -0.934705
vn 0.000000 0.000000 -1.000000
vn 0.000000 0.000000 -1.000000
vn 0.071232 0.000000 -0.997460
vn 0.071232 0.000000 -0.997460
vn 0.000000 0.000000 -1.000000
vn 0.447140 0.000000 -0.894464
vn 0.447140 0.000000 -0.894464
vn 0.447140 0.000000 -0.894464
vn 0.071232 0.000000 -0.997460
vn 0.000000 0.000000 -1.000000
vn 0.000000 0.000000 -1.000000
vn 0.000000 -0.355424 -0.934705
vn 0.000000 -0.355424 -0.934705
vn 0.000000 0.000000 -1.000000
vn 0.000000 -0.936117 -0.351689
vn 0.000000 -0.936117 -0.351689
vn 0.000000 -0.936117 -0.351689
vn 0.000000 -0.355424 -0.934705
vn 0.000000 0.000000 -1.000000
vn 0.000000 -1.000000 0.000000
vn 0.000000 -0.998563 -0.053593
vn 0.000000 -0.998563 -0.053593
vn 0.000000 -1.000000 0.000000
vn 0.000000 -0.936117 -0.351689
vn 0.000000 -0.936117 -0.351689
vn 0.000000 -0.998563 -0.053593
vn 0.000000 -1.000000 0.000000
vn 0.000000 -1.000000 0.000000
vn 0.026820 -0.999640 0.000000
vn 0.026820 -0.999640 0.000000
vn 0.000000 -1.000000 0.000000
vn 0.184579 -0.982818 0.000000
vn 0.184579 -0.982818 0.000000
vn 0.184579 -0.982818 0.000000
vn 0.026820 -0.999640 0.000000
vn 0.000000 -1.000000 0.000000
vn 0.000000 -1.000000 0.000000
vn 0.000000 -0.998563 0.053593
vn 0.000000 -0.998563 0.053593
vn 0.000000 -1.000000 0.000000
vn 0.000000 -0.936117 0.351689
vn 0.000000 -0.936117 0.351689
vn 0.000000 -0.998563 0.053593
vn 0.000000 -1.000000 0.000000
vn 1.000000 0.000000 0.000000
vn 0.795908 -0.605417 0.000000
vn 0.795908 -0.605417 0.000000
vn 1.000000 0.000000 0.000000
vn 0.184579 -0.982818 0.000000
vn 0.184579 -0.982818 0.000000
vn 0.795908 -0.605417 0.000000
vn 1.000000 0.000000 0.000000
vn 1.000000 0.000000 0.000000
vn 0.961509 0.000000 -0.274773
vn 0.961509 0.000000 -0.274773
vn 1.000000 0.000000 0.000000
vn 0.447140 0.000000 -0.894464
vn 0.447140 0.000000 -0.894464
vn 0.961509 0.000000 -0.274773
vn 1.000000 0.000000 0.000000
vn 1.000000 0.000000 0.000000
vn 0.795908 0.605417 0.000000
vn 0.795908 0.605417 0.000000
vn 1.000000 0.000000 0.000000
vn 0.184579 0.982818 0.000000
vn 0.184579 0.982818 0.000000
vn 0.795908 0.605417 0.000000
vn 1.000000 0.000000 0.000000
vn -1.000000 0.000000 0.000000
vn -0.795908 -0.605417 0.000000
vn -0.795908 -0.605418 0.000000
vn -1.000000 0.000000 0.000000
vn -0.184579 -0.982818 0.000000
vn -0.184579 -0.982818 0.000000
vn -0.795908 -0.605417 0.000000
vn -1.000000 0.000000 0.000000
vn -1.000000 0.000000 0.000000
vn -0.961509 0.000000 0.274773
vn -0.961509 0.000000 0.274773
vn -1.000000 0.000000 0.000000
vn -0.447140 0.000000 0.894464
vn -0.447140 0.000000 0.894464
vn -0.961509 0.000000 0.274773
vn -1.000000 0.000000 0.000000
vn -1.000000 0.000000 0.000000
vn -0.795908 0.605417 0.000000
vn -0.795908 0.605417 0.000000
vn -1.000000 0.000000 0.000000
vn -0.184579 0.982818 0.000000
vn -0.184579 0.982818 0.000000
vn -0.795908 0.605417 0.000000
vn -1.000000 0.000000 0.000000
vn -0.443804 -0.400262 0.801766
vn -0.065552 -0.349040 0.934812
vn -1.000000 0.000000 0.000000
vn -1.000000 0.000000 0.000000
vn -1.000000 0.000000 0.000000
vn -1.000000 0.000000 0.000000
vn -0.036574 -0.932742 0.358685
vn 0.000000 -0.355424 0.934705
vn 0.000000 -0.355424 0.934705
vn 0.000000 0.000000 1.000000
vn 0.000000 0.000000 1.000000
vn 0.000000 0.000000 1.000000
vn 0.000000 0.000000 1.000000
vn 0.000000 0.000000 1.000000
vn -0.204177 0.975717 0.079296
vn -0.026747 0.998209 0.053506
vn 0.000000 1.000000 0.000000
vn 0.000000 1.000000 0.000000
vn 0.000000 1.000000 0.000000
vn 0.000000 1.000000 0.000000
vn -0.036574 0.932742 0.358685
vn 0.000000 0.998563 0.053593
vn 0.000000 0.998563 0.053593
vn 0.000000 1.000000 0.000000
vn 0.000000 1.000000 0.000000
vn 0.000000 1.000000 0.000000
vn 0.000000 1.000000 0.000000
vn 0.000000 1.000000 0.000000
vn -0.443804 0.400262 -0.801766
vn -0.065552 0.349041 -0.934812
vn 0.816496 0.577351 0.000000
vn 0.816496 0.577351 0.000000
vn 0.816496 0.577351 0.000000
vn 0.816496 0.577351 0.000000
vn -0.036574 0.932742 -0.358685
vn 0.000000 0.355424 -0.934705
vn 0.000000 0.355424 -0.934705
vn 0.000000 0.000000 -1.000000
vn 0.000000 0.000000 -1.000000
vn 0.000000 0.000000 -1.000000
vn 0.000000 0.000000 -1.000000
vn 0.000000 0.000000 -1.000000
vn -0.204176 -0.975717 -0.079296
vn -0.026747 -0.998209 -0.053506
vn -0.036574 -0.932742 -0.358685
vn 0.000000 -0.998563 -0.053593
vn 0.000000 -0.998563 -0.053593
vn 0.000000 -1.000000 0.000000
vn 0.000000 -1.000000 0.000000
vn 0.000000 -1.000000 0.000000
vn 0.000000 -1.000000 0.000000
vn 0.000000 -1.000000 0.000000
vn 0.443805 -0.400262 0.801766
vn 0.802981 -0.557930 0.209609
vn 0.000000 -1.000000 0.000000
vn 0.000000 -1.000000 0.000000
vn 0.000000 -1.000000 0.000000
vn 0.000000 -1.000000 0.000000
vn 0.204177 -0.975717 0.079296
vn 0.795908 -0.605417 0.000000
vn 0.795908 -0.605417 0.000000
vn 1.000000 0.000000 0.000000
vn 1.000000 0.000000 0.000000
vn 1.000000 0.000000 0.000000
vn 1.000000 0.000000 0.000000
vn 1.000000 0.000000 0.000000
vn -0.443804 -0.400261 -0.801766
vn -0.802981 -0.557930 -0.209609
vn -0.795908 -0.605417 0.000000
vn -0.795908 -0.605417 0.000000
vn -1.000000 0.000000 0.000000
vn -1.000000 0.000000 0.000000
vn -1.000000 0.000000 0.000000
vn -1.000000 0.000000 0.000000
vn -1.000000 0.000000 0.000000
vn 0.036574 -0.932742 0.358685
vn 0.065552 -0.349041 0.934812
vn 0.000000 -1.000000 0.000000
vn 0.000000 -1.000000 0.000000
vn 0.000000 -1.000000 0.000000
vn 0.000000 -1.000000 0.000000
vn 0.071233 0.000000 0.997460
vn 0.071233 0.000000 0.997460
vn 0.000000 0.000000 1.000000
vn 0.000000 0.000000 1.000000
vn 0.000000 0.000000 1.000000
vn 0.443805 0.400262 0.801766
vn 0.065552 0.349041 0.934812
vn 0.036574 0.932742 0.358685
vn 0.000000 0.355424 0.934705
vn 0.000000 0.355424 0.934705
vn 0.000000 0.000000 1.000000
vn 0.000000 0.000000 1.000000
vn 0.000000 0.000000 1.000000
vn -0.065552 0.349041 0.934812
vn -0.443805 0.400261 0.801766
vn -0.071233 0.000000 0.997460
vn -0.071233 0.000000 0.997460
vn 0.000000 0.000000 1.000000
vn 0.000000 0.000000 1.000000
vn 0.026747 0.998209 0.053506
vn 0.000000 -1.000000 0.000000
vn 0.000000 -1.000000 0.000000
vn 0.000000 -1.000000 0.000000
vn 0.000000 -1.000000 0.000000
vn 0.204177 0.975717 0.079296
vn 0.026820 0.999640 0.000000
vn 0.026820 0.999640 0.000000
vn 0.000000 1.000000 0.000000
vn 0.000000 1.000000 0.000000
vn 0.000000 1.000000 0.000000
vn 0.204177 0.975717 -0.079296
vn 0.026747 0.998209 -0.053506
vn 1.000000 0.000000 0.000000
vn 1.000000 0.000000 0.000000
vn 1.000000 0.000000 0.000000
vn 1.000000 0.000000 0.000000
vn 0.036574 0.932742 -0.358685
vn 0.000000 0.998563 -0.053593
vn 0.000000 0.998563 -0.053593
vn 0.000000 1.000000 0.000000
vn 0.000000 1.000000 0.000000
vn 0.000000 1.000000 0.000000
vn -0.026747 0.998209 -0.053506
vn 0.000000 1.000000 0.000000
vn 0.000000 1.000000 0.000000
vn 0.000000 1.000000 0.000000
vn 0.000000 1.000000 0.000000
vn -0.204177 0.975717 -0.079296
vn -0.026820 0.999640 0.000000
vn -0.026820 0.999640 0.000000
vn 0.000000 1.000000 0.000000
vn 0.000000 1.000000 0.000000
vn 0.065552 0.349041 -0.934812
vn -1.000000 0.000000 0.000000
vn -1.000000 0.000000 0.000000
vn -1.000000 0.000000 0.000000
vn -1.000000 0.000000 0.000000
vn 0.443805 0.400262 -0.801766
vn 0.071232 0.000000 -0.997460
vn 0.071232 0.000000 -0.997460
vn 0.000000 0.000000 -1.000000
vn 0.000000 0.000000 -1.000000
vn 0.000000 0.000000 -1.000000
vn 0.443805 -0.400262 -0.801766
vn 0.065552 -0.349041 -0.934812
vn -0.816497 -0.577350 0.000000
vn -0.816497 -0.577350 0.000000
vn -0.816497 -0.577350 0.000000
vn -0.816497 -0.577350 0.000000
vn 0.036574 -0.932742 -0.358685
vn 0.000000 -0.355424 -0.934705
vn 0.000000 -0.355424 -0.934705
vn 0.000000 0.000000 -1.000000
vn 0.000000 0.000000 -1.000000
vn 0.000000 0.000000 -1.000000
vn -0.065552 -0.349040 -0.934812
vn 0.000000 0.000000 -1.000000
vn 0.000000 0.000000 -1.000000
vn 0.000000 0.000000 -1.000000
vn 0.000000 0.000000 -1.000000
vn -0.071232 0.000000 -0.997460
vn -0.071232 0.000000 -0.997460
vn 0.000000 0.000000 -1.000000
vn 0.000000 0.000000 -1.000000
vn 0.026747 -0.998209 -0.053506
vn -0.000000 0.000000 -1.000000
vn -0.000000 0.000000 -1.000000
vn -0.000000 0.000000 -1.000000
vn -0.000000 0.000000 -1.000000
vn 0.204177 -0.975717 -0.079296
vn 0.026820 -0.999640 0.000000
vn 0.026820 -0.999640 0.000000
vn 0.000000 -1.000000 0.000000
vn 0.000000 -1.000000 0.000000
vn 0.000000 -1.000000 0.000000
vn 0.026747 -0.998209 0.053506
vn 0.000000 0.000000 -1.000000
vn 0.000000 0.000000 -1.000000
vn 0.000000 0.000000 -1.000000
vn 0.000000 0.000000 -1.000000
vn 0.000000 -0.998563 0.053593
vn 0.000000 -0.998563 0.053593
vn 0.000000 -1.000000 0.000000
vn 0.000000 -1.000000 0.000000
vn 0.000000 -1.000000 0.000000
vn -0.026747 -0.998209 0.053506
vn -0.204176 -0.975717 0.079296
vn -0.026820 -0.999640 0.000000
vn -0.026820 -0.999640 0.000000
vn 0.000000 -1.000000 0.000000
vn 0.000000 -1.000000 0.000000
vn 0.802981 -0.557930 -0.209609
vn -0.000002 0.000000 -1.000000
vn 0.058767 0.042705 -0.997358
vn -0.000001 0.000000 -1.000000
vn -0.000002 0.000000 -1.000000
vn -0.000002 0.000000 -1.000000
vn 0.961509 0.000000 -0.274773
vn 0.961509 0.000000 -0.274773
vn 1.000000 0.000000 0.000000
vn 1.000000 0.000000 0.000000
vn 1.000000 0.000000 0.000000
vn 0.802981 0.557930 -0.209609
vn 1.000000 0.000000 0.000000
vn 1.000000 0.000000 0.000000
vn 1.000000 0.000000 0.000000
vn 1.000000 0.000000 0.000000
vn 0.795908 0.605417 0.000000
vn 0.795908 0.605417 0.000000
vn 1.000000 0.000000 0.000000
vn 1.000000 0.000000 0.000000
vn 1.000000 0.000000 0.000000
vn 0.802981 0.557930 0.209609
vn 0.000000 1.000000 0.000000
vn 0.000000 1.000000 0.000000
vn 0.000000 1.000000 0.000000
vn 0.000000 1.000000 0.000000
vn 0.961509 0.000000 0.274773
vn 0.961509 0.000000 0.274773
vn 1.000000 0.000000 0.000000
vn 1.000000 0.000000 0.000000
vn -0.802981 -0.557930 0.209609
vn -1.000000 0.000000 0.000000
vn -1.000000 0.000000 0.000000
vn -1.000000 0.000000 0.000000
vn -1.000000 0.000000 0.000000
vn -0.961509 0.000000 0.274773
vn -0.961509 0.000000 0.274773
vn -1.000000 0.000000 0.000000
vn -1.000000 0.000000 0.000000
vn -1.000000 0.000000 0.000000
vn -0.802981 0.557930 0.209609
vn 0.000000 -1.000000 0.000000
vn 0.000000 -1.000000 0.000000
vn 0.000000 -1.000000 0.000000
vn 0.000000 -1.000000 0.000000
vn -0.795908 0.605417 0.000000
vn -0.795908 0.605418 0.000000
vn -1.000000 0.000000 0.000000
vn -1.000000 0.000000 0.000000
vn -1.000000 0.000000 0.000000
vn -0.802981 0.557930 -0.209609
vn 0.831593 -0.555386 0.000000
vn 0.831593 -0.555386 0.000000
vn 0.831593 -0.555386 0.000000
vn 0.831593 -0.555386 0.000000
vn -0.961509 0.000000 -0.274773
vn -0.961509 0.000000 -0.274773
vn -1.000000 0.000000 0.000000
vn -1.000000 0.000000 0.000000
vn 0.000000 0.000000 1.000000
vn -0.071233 0.000000 0.997460
vn -0.071233 0.000000 0.997460
vn 0.000000 0.000000 1.000000
vn -0.447140 0.000000 0.894464
vn -0.447140 0.000000 0.894464
vn -0.447140 0.000000 0.894464
vn -0.071233 0.000000 0.997460
vn 0.000000 0.000000 1.000000
vn 0.000000 1.000000 0.000000
vn -0.026820 0.999640 0.000000
vn -0.026820 0.999640 0.000000
vn 0.000000 1.000000 0.000000
vn -0.184579 0.982818 0.000000
vn -0.184579 0.982818 0.000000
vn -0.184579 0.982818 0.000000
vn -0.026820 0.999640 0.000000
vn 0.000000 1.000000 0.000000
vn 0.000000 0.000000 -1.000000
vn -0.071232 0.000000 -0.997460
vn -0.071232 0.000000 -0.997460
vn 0.000000 0.000000 -1.000000
vn -0.447140 0.000000 -0.894464
vn -0.447140 0.000000 -0.894464
vn -0.447140 0.000000 -0.894464
vn -0.071232 0.000000 -0.997460
vn 0.000000 0.000000 -1.000000
vn 0.000000 -1.000000 0.000000
vn -0.026820 -0.999640 0.000000
vn -0.026820 -0.999640 0.000000
vn 0.000000 -1.000000 0.000000
vn -0.184579 -0.982818 0.000000
vn -0.184579 -0.982818 0.000000
vn -0.184579 -0.982818 0.000000
vn -0.026820 -0.999640 0.000000
vn 0.000000 -1.000000 0.000000
vn 1.000000 0.000000 0.000000
vn 0.961509 0.000000 0.274773
vn 0.961509 0.000000 0.274773
vn 1.000000 0.000000 0.000000
vn 0.447140 0.000000 0.894464
vn 0.447140 0.000000 0.894464
vn 0.447140 0.000000 0.894464
vn 0.961509 0.000000 0.274773
vn 1.000000 0.000000 0.000000
vn -1.000000 0.000000 0.000000
vn -0.961509 0.000000 -0.274773
vn -0.961509 0.000000 -0.274773
vn -1.000000 0.000000 0.000000
vn -0.447140 0.000000 -0.894464
vn -0.447140 0.000000 -0.894464
vn -0.961509 0.000000 -0.274773
vn -1.000000 0.000000 0.000000
vn 0.000000 0.000000 1.000000
vn 0.000000 -0.355424 0.934705
vn 0.000000 -0.355424 0.934705
vn 0.000000 0.000000 1.000000
vn 0.000000 -0.936117 0.351689
vn 0.000000 -0.936117 0.351690
vn 0.000000 -0.936117 0.351689
vn 0.000000 -0.355424 0.934705
vn 0.000000 0.000000 1.000000
vn 0.000000 0.000000 1.000000
vn 0.071233 0.000000 0.997460
vn 0.071233 0.000000 0.997460
vn 0.000000 0.000000 1.000000
vn 0.447140 0.000000 0.894464
vn 0.447140 0.000000 0.894464
vn 0.071233 0.000000 0.997460
vn 0.000000 0.000000 1.000000
vn 0.000000 0.000000 1.000000
vn 0.000000 0.355424 0.934705
vn 0.000000 0.355424 0.934705
vn 0.000000 0.000000 1.000000
vn 0.000000 0.936117 0.351690
vn 0.000000 0.936117 0.351690
vn 0.000000 0.936117 0.351690
vn 0.000000 0.355424 0.934705
vn 0.000000 0.000000 1.000000
vn 0.000000 1.000000 0.000000
vn 0.000000 0.998563 0.053593
vn 0.000000 0.998563 0.053593
vn 0.000000 1.000000 0.000000
vn 0.000000 0.936117 0.351690
vn 0.000000 0.936117 0.351690
vn 0.000000 0.998563 0.053593
vn 0.000000 1.000000 0.000000
vn 0.000000 1.000000 0.000000
vn 0.026820 0.999640 0.000000
vn 0.026820 0.999640 0.000000
vn 0.000000 1.000000 0.000000
vn 0.184579 0.982818 0.000000
vn 0.184579 0.982818 0.000000
vn 0.184579 0.982818 0.000000
vn 0.026820 0.999640 0.000000
vn 0.000000 1.000000 0.000000
vn 0.000000 1.000000 0.000000
vn 0.000000 0.998563 -0.053593
vn 0.000000 0.998563 -0.053593
vn 0.000000 1.000000 0.000000
vn 0.000000 0.936117 -0.351690
vn 0.000000 0.936117 -0.351690
vn 0.000000 0.936117 -0.351690
vn 0.000000 0.998563 -0.053593
vn 0.000000 1.000000 0.000000
vn 0.000000 0.000000 -1.000000
vn 0.000000 0.355424 -0.934705
vn 0.000000 0.355424 -0.934705
vn 0.000000 0.000000 -1.000000
vn 0.000000 0.936117 -0.351690
vn 0.000000 0.936117 -0.351690
vn 0.000000 0.355424 -0.934705
vn 0.000000 0.000000 -1.000000
vn 0.000000 0.000000 -1.000000
vn 0.071232 0.000000 -0.997460
vn 0.071232 0.000000 -0.997460
vn 0.000000 0.000000 -1.000000
vn 0.447140 0.000000 -0.894464
vn 0.447140 0.000000 -0.894464
vn 0.447140 0.000000 -0.894464
vn 0.071232 0.000000 -0.997460
vn 0.000000 0.000000 -1.000000
vn 0.000000 0.000000 -1.000000
vn 0.000000 -0.355424 -0.934705
vn 0.000000 -0.355424 -0.934705
vn 0.000000 0.000000 -1.000000
vn 0.000000 -0.936117 -0.351689
vn 0.000000 -0.936117 -0.351689
vn 0.000000 -0.936117 -0.351689
vn 0.000000 -0.355424 -0.934705
vn 0.000000 0.000000 -1.000000
vn 0.000000 -1.000000 0.000000
vn 0.000000 -0.998563 -0.053593
vn 0.000000 -0.998563 -0.053593
vn 0.000000 -1.000000 0.000000
vn 0.000000 -0.936117 -0.351690
vn 0.000000 -0.936117 -0.351689
vn 0.000000 -0.998563 -0.053593
vn 0.000000 -1.000000 0.000000
vn 0.000000 -1.000000 0.000000
vn 0.026820 -0.999640 0.000000
vn 0.026820 -0.999640 0.000000
vn 0.000000 -1.000000 0.000000
vn 0.184579 -0.982818 0.000000
vn 0.184579 -0.982818 0.000000
vn 0.184579 -0.982818 0.000000
vn 0.026820 -0.999640 0.000000
vn 0.000000 -1.000000 0.000000
vn 0.000000 -1.000000 0.000000
vn 0.000000 -0.998563 0.053593
vn 0.000000 -0.998563 0.053593
vn 0.000000 -1.000000 0.000000
vn 0.000000 -0.936117 0.351689
vn 0.000000 -0.936117 0.351689
vn 0.000000 -0.998563 0.053593
vn 0.000000 -1.000000 0.000000
vn 1.000000 0.000000 0.000000
vn 0.795907 -0.605418 0.000000
vn 0.795908 -0.605418 0.000000
vn 1.000000 0.000000 0.000000
vn 0.184579 -0.982818 0.000000
vn 0.184579 -0.982818 0.000000
vn 0.795908 -0.605418 0.000000
vn 1.000000 0.000000 0.000000
vn 1.000000 0.000000 0.000000
vn 0.961509 0.000000 -0.274773
vn 0.961509 0.000000 -0.274773
vn 1.000000 0.000000 0.000000
vn 0.447140 0.000000 -0.894464
vn 0.447140 0.000000 -0.894464
vn 0.961509 0.000000 -0.274773
vn 1.000000 0.000000 0.000000
vn 1.000000 0.000000 0.000000
vn 0.795907 0.605418 0.000000
vn 0.795908 0.605418 0.000000
vn 1.000000 0.000000 0.000000
vn 0.184579 0.982818 0.000000
vn 0.184579 0.982818 0.000000
vn 0.795908 0.605418 0.000000
vn 1.000000 0.000000 0.000000
vn -1.000000 0.000000 0.000000
vn -0.795908 -0.605417 0.000000
vn -0.795909 -0.605417 0.000000
vn -1.000000 0.000000 0.000000
vn -0.184579 -0.982818 0.000000
vn -0.184579 -0.982818 0.000000
vn -0.795909 -0.605417 0.000000
vn -1.000000 0.000000 0.000000
vn -1.000000 0.000000 0.000000
vn -0.961509 0.000000 0.274773
vn -0.961509 0.000000 0.274773
vn -1.000000 0.000000 0.000000
vn -0.447140 0.000000 0.894464
vn -0.447140 0.000000 0.894464
vn -0.961509 0.000000 0.274773
vn -1.000000 0.000000 0.000000
vn -1.000000 0.000000 0.000000
vn -0.795908 0.605417 0.000000
vn -0.795909 0.605417 0.000000
vn -1.000000 0.000000 0.000000
vn -0.184579 0.982818 0.000000
vn -0.184579 0.982818 0.000000
vn -0.795909 0.605417 0.000000
vn -1.000000 0.000000 0.000000
vn -0.443805 -0.400262 0.801766
vn -0.065552 -0.349041 0.934812
vn 0.000000 0.000000 -1.000000
vn 0.000000 0.000000 -1.000000
vn 0.000000 0.000000 -1.000000
vn 0.000000 0.000000 -1.000000
vn -0.036574 -0.932742 0.358685
vn 0.000000 -0.355424 0.934705
vn 0.000000 -0.355424 0.934705
vn 0.000000 0.000000 1.000000
vn 0.000000 0.000000 1.000000
vn 0.000000 0.000000 1.000000
vn 0.000000 0.000000 1.000000
vn 0.000000 0.000000 1.000000
vn -0.204177 0.975717 0.079296
vn -0.026747 0.998209 0.053506
vn 0.000000 1.000000 -0.000000
vn 0.000000 1.000000 -0.000000
vn 0.000000 1.000000 -0.000000
vn 0.000000 1.000000 -0.000000
vn -0.036574 0.932742 0.358685
vn 0.000000 0.998563 0.053593
vn 0.000000 0.998563 0.053593
vn 0.000000 1.000000 0.000000
vn 0.000000 1.000000 0.000000
vn 0.000000 1.000000 0.000000
vn 0.000000 1.000000 0.000000
vn 0.000000 1.000000 0.000000
vn -0.443805 0.400262 -0.801766
vn -0.065552 0.349041 -0.934812
vn 0.000000 0.000000 -1.000000
vn 0.000000 0.000000 -1.000000
vn 0.000000 0.000000 -1.000000
vn 0.000000 0.000000 -1.000000
vn -0.036574 0.932742 -0.358685
vn 0.000000 0.355424 -0.934705
vn 0.000000 0.355424 -0.934705
vn 0.000000 0.000000 -1.000000
vn 0.000000 0.000000 -1.000000
vn 0.000000 0.000000 -1.000000
vn 0.000000 0.000000 -1.000000
vn 0.000000 0.000000 -1.000000
vn -0.204177 -0.975717 -0.079296
vn -0.026747 -0.998209 -0.053506
vn -0.036574 -0.932742 -0.358685
vn 0.000000 -0.998563 -0.053593
vn 0.000000 -0.998563 -0.053593
vn 0.000000 -1.000000 0.000000
vn 0.000000 -1.000000 0.000000
vn 0.000000 -1.000000 0.000000
vn 0.000000 -1.000000 0.000000
vn 0.000000 -1.000000 0.000000
vn 0.443804 -0.400262 0.801765
vn 0.802980 -0.557931 0.209609
vn 0.000000 0.000000 -1.000000
vn 0.000000 0.000000 -1.000000
vn 0.000000 0.000000 -1.000000
vn 0.000000 0.000000 -1.000000
vn 0.204176 -0.975717 0.079296
vn 0.795908 -0.605418 0.000000
vn 0.795908 -0.605418 0.000000
vn 1.000000 0.000000 0.000000
vn 1.000000 0.000000 0.000000
vn 1.000000 0.000000 0.000000
vn 1.000000 0.000000 0.000000
vn 1.000000 0.000000 0.000000
vn -0.443805 -0.400262 -0.801766
vn -0.802981 -0.557930 -0.209609
vn 0.000000 -1.000000 0.000000
vn 0.000000 -1.000000 0.000000
vn 0.000000 -1.000000 0.000000
vn 0.000000 -1.000000 0.000000
vn -0.795909 -0.605417 0.000000
vn -0.795909 -0.605417 0.000000
vn -1.000000 0.000000 0.000000
vn -1.000000 0.000000 0.000000
vn -1.000000 0.000000 0.000000
vn -1.000000 0.000000 0.000000
vn -1.000000 0.000000 0.000000
vn 0.036574 -0.932742 0.358685
vn 0.065552 -0.349041 0.934812
vn 0.000000 0.000000 -1.000000
vn 0.000000 0.000000 -1.000000
vn 0.000000 0.000000 -1.000000
vn 0.000000 0.000000 -1.000000
vn 0.071233 0.000000 0.997460
vn 0.071233 0.000000 0.997460
vn 0.000000 0.000000 1.000000
vn 0.000000 0.000000 1.000000
vn 0.000000 0.000000 1.000000
vn 0.443804 0.400262 0.801765
vn 0.065552 0.349041 0.934812
vn 0.000000 0.000000 -1.000000
vn 0.000000 0.000000 -1.000000
vn 0.000000 0.000000 -1.000000
vn 0.000000 0.000000 -1.000000
vn 0.036574 0.932742 0.358685
vn 0.000000 0.355424 0.934705
vn 0.000000 0.355424 0.934705
vn 0.000000 0.000000 1.000000
vn 0.000000 0.000000 1.000000
vn 0.000000 0.000000 1.000000
vn -0.065552 0.349041 0.934812
vn 0.000000 0.000000 -1.000000
vn 0.000000 0.000000 -1.000000
vn 0.000000 0.000000 -1.000000
vn 0.000000 0.000000 -1.000000
vn -0.443805 0.400262 0.801766
vn -0.071233 0.000000 0.997460
vn -0.071233 0.000000 0.997460
vn 0.000000 0.000000 1.000000
vn 0.000000 0.000000 1.000000
vn 0.026747 0.998209 0.053506
vn 0.204177 0.975717 0.079296
vn 0.026820 0.999640 0.000000
vn 0.026820 0.999640 0.000000
vn 0.000000 1.000000 0.000000
vn 0.000000 1.000000 0.000000
vn 0.000000 1.000000 0.000000
vn 0.204177 0.975717 -0.079296
vn 0.026747 0.998209 -0.053506
vn 0.005864 0.924993 -0.379939
vn 0.000203 0.999669 -0.025740
vn -0.000203 0.999669 -0.025740
vn -0.005864 0.924993 -0.379939
vn 0.036574 0.932742 -0.358685
vn 0.000000 0.998563 -0.053593
vn 0.000000 0.998563 -0.053593
vn 0.000000 1.000000 0.000000
vn 0.000000 1.000000 0.000000
vn 0.000000 1.000000 0.000000
vn -0.026747 0.998209 -0.053506
vn 0.008691 0.793647 -0.608316
vn -0.008691 0.793647 -0.608316
vn -0.204177 0.975717 -0.079296
vn -0.026820 0.999640 0.000000
vn -0.026820 0.999640 0.000000
vn 0.000000 1.000000 0.000000
vn 0.000000 1.000000 0.000000
vn 0.065552 0.349041 -0.934812
vn 0.008691 0.608316 -0.793647
vn -0.008691 0.608316 -0.793647
vn 0.443804 0.400263 -0.801765
vn 0.071232 0.000000 -0.997460
vn 0.071232 0.000000 -0.997460
vn 0.000000 0.000000 -1.000000
vn 0.000000 0.000000 -1.000000
vn 0.000000 0.000000 -1.000000
vn 0.443804 -0.400262 -0.801766
vn 0.065552 -0.349041 -0.934812
vn 0.003357 0.382078 -0.924124
vn -0.003357 0.382078 -0.924124
vn 0.036574 -0.932742 -0.358685
vn 0.000000 -0.355424 -0.934705
vn 0.000000 -0.355424 -0.934705
vn 0.000000 0.000000 -1.000000
vn 0.000000 0.000000 -1.000000
vn 0.000000 0.000000 -1.000000
vn -0.065552 -0.349041 -0.934812
vn -0.071232 0.000000 -0.997460
vn -0.071232 0.000000 -0.997460
vn 0.000000 0.000000 -1.000000
vn 0.000000 0.000000 -1.000000
vn 0.026747 -0.998209 -0.053506
vn 0.204176 -0.975717 -0.079296
vn 0.026820 -0.999640 0.000000
vn 0.026820 -0.999640 0.000000
vn 0.000000 -1.000000 0.000000
vn 0.000000 -1.000000 0.000000
vn 0.000000 -1.000000 0.000000
vn 0.026747 -0.998209 0.053506
vn 0.000052 0.999941 0.010868
vn -0.000052 0.999941 0.010868
vn 0.000000 -0.998563 0.053593
vn 0.000000 -0.998563 0.053593
vn 0.000000 -1.000000 0.000000
vn 0.000000 -1.000000 0.000000
vn 0.000000 -1.000000 0.000000
vn -0.026747 -0.998209 0.053506
vn -0.000000 0.000000 -1.000000
vn -0.000000 0.000000 -1.000000
vn -0.000000 0.000000 -1.000000
vn -0.000000 0.000000 -1.000000
vn -0.204177 -0.975717 0.079296
vn -0.026820 -0.999640 0.000000
vn -0.026820 -0.999640 0.000000
vn 0.000000 -1.000000 0.000000
vn 0.000000 -1.000000 0.000000
vn 0.802980 -0.557931 -0.209609
vn 0.000000 0.000000 -1.000000
vn 0.000000 0.000000 -1.000000
vn 0.961509 0.000000 -0.274773
vn 0.961509 0.000000 -0.274773
vn 1.000000 0.000000 0.000000
vn 1.000000 0.000000 0.000000
vn 1.000000 0.000000 0.000000
vn 0.802980 0.557931 -0.209609
vn 0.000000 0.000000 -1.000000
vn 0.000000 0.000000 -1.000000
vn 0.795908 0.605418 0.000000
vn 0.795908 0.605418 0.000000
vn 1.000000 0.000000 0.000000
vn 1.000000 0.000000 0.000000
vn 1.000000 0.000000 0.000000
vn 0.802980 0.557931 0.209609
vn 0.961509 0.000000 0.274773
vn 0.961509 0.000000 0.274773
vn 1.000000 0.000000 0.000000
vn 1.000000 0.000000 0.000000
vn -0.802981 -0.557930 0.209609
vn 0.999625 0.000000 -0.027389
vn 0.999625 0.000000 -0.027389
vn 0.999625 0.000000 -0.027389
vn 0.999625 0.000000 -0.027389
vn -0.961509 0.000000 0.274773
vn -0.961509 0.000000 0.274773
vn -1.000000 0.000000 0.000000
vn -1.000000 0.000000 0.000000
vn -1.000000 0.000000 0.000000
vn -0.802981 0.557930 0.209609
vn 0.000000 0.000000 1.000000
vn 0.000000 0.000000 1.000000
vn 0.000000 0.000000 1.000000
vn 0.000000 0.000000 1.000000
vn -0.795909 0.605417 0.000000
vn -0.795909 0.605417 0.000000
vn -1.000000 0.000000 0.000000
vn -1.000000 0.000000 0.000000
vn -1.000000 0.000000 0.000000
vn -0.802981 0.557930 -0.209609
vn -0.999625 0.000000 0.027390
vn -0.999625 0.000000 0.027390
vn -0.999625 0.000000 0.027390
vn -0.999625 0.000000 0.027390
vn -0.961509 0.000000 -0.274773
vn -0.961509 0.000000 -0.274773
vn -1.000000 0.000000 0.000000
vn -1.000000 0.000000 0.000000
vn -0.931955 0.000000 -0.362575
vn -0.931955 0.000000 -0.362575
vn -0.931955 0.000000 -0.362575
vn -0.931955 0.000000 -0.362575
vn 0.000000 -1.000000 0.000000
vn 0.000000 -1.000000 0.000000
vn 0.000000 -1.000000 0.000000
vn 0.000000 -1.000000 0.000000
vn -1.000000 0.000000 0.000000
vn -1.000000 0.000000 0.000000
vn -1.000000 0.000000 0.000000
vn -1.000000 0.000000 0.000000
vn 0.931955 0.000000 -0.362575
vn 0.931955 0.000000 -0.362575
vn 0.931955 0.000000 -0.362575
vn 0.931955 0.000000 -0.362575
vn 0.000000 -1.000000 0.000000
vn 0.000000 -1.000000 0.000000
vn 0.000000 -1.000000 0.000000
vn 0.000000 -1.000000 0.000000
vn 1.000000 0.000000 0.000000
vn 1.000000 0.000000 0.000000
vn 1.000000 0.000000 0.000000
vn 1.000000 0.000000 0.000000
vn 0.000000 0.000000 1.000000
vn 0.000000 0.000000 1.000000
vn 0.000000 0.000000 1.000000
vn 0.000000 0.000000 1.000000
vn 0.000000 -1.000000 0.000000
vn 0.000000 -1.000000 0.000000
vn 0.000000 -1.000000 0.000000
vn 0.000000 -1.000000 0.000000
vn 0.000000 -0.931955 -0.362575
vn 0.000000 -0.931955 -0.362575
vn 0.000000 -0.931955 -0.362575
vn 0.000000 -0.931955 -0.362575
vn 0.000000 0.931955 -0.362575
vn 0.000000 0.931955 -0.362575
vn 0.000000 0.931955 -0.362575
vn 0.000000 0.931955 -0.362575
vn 0.002652 0.951235 0.308457
vn -0.002652 0.951235 0.308457
vn 0.004860 0.809139 0.587598
vn -0.004860 0.809139 0.587598
vn 0.004860 0.587598 0.809139
vn -0.004860 0.587598 0.809139
vn 0.002652 0.308456 0.951235
vn -0.002652 0.308456 0.951235
vn 0.000750 0.156435 0.987688
vn -0.000750 0.156435 0.987688
vn 0.000000 -1.000000 -0.000000
vn 0.000000 -1.000000 -0.000000
vn 0.000000 -1.000000 -0.000000
vn 0.000000 -1.000000 -0.000000
vn 0.999625 0.000000 -0.027389
vn 0.999625 0.000000 -0.027389
vn 0.999625 0.000000 -0.027389
vn 0.999625 0.000000 -0.027389
vn 0.000000 1.000000 -0.000000
vn 0.000000 1.000000 -0.000000
vn 0.000000 1.000000 -0.000000
vn 0.000000 1.000000 -0.000000
vn -0.816293 0.577205 0.022366
vn -0.816293 0.577205 0.022366
vn -0.816293 0.577205 0.022366
vn -0.816293 0.577205 0.022366
vn -0.150780 -0.923940 0.351570
vn -0.150780 0.923940 0.351569
vn -0.150780 0.923940 -0.351570
vn -0.150780 -0.923940 -0.351569
vn 0.150780 -0.923940 0.351569
vn 0.150780 0.923940 0.351569
vn 0.150780 0.923940 -0.351569
vn 0.150780 -0.923940 -0.351569
vn -0.150780 -0.923940 0.351570
vn -0.150780 0.923940 0.351569
vn -0.150780 0.923940 -0.351570
vn -0.150780 -0.923940 -0.351569
vn 0.150780 -0.923940 0.351569
vn 0.150780 0.923940 0.351569
vn 0.150780 0.923940 -0.351569
vn 0.150780 -0.923940 -0.351569
vn 0.000000 0.000000 0.000000
vn 0.000000 0.000000 0.000000
vn 0.000000 0.000000 0.000000
vn 0.000000 0.000000 0.000000
vn 0.000000 0.000000 0.000000
vn 0.000000 0.000000 0.000000
vn 0.000000 0.000000 0.000000
vn 0.000000 0.000000 0.000000
vn 0.000000 0.000000 0.000000
vn 0.000000 0.000000 1.000000
vn 0.000000 0.000000 1.000000
vn 0.000000 0.000000 0.000000
vn 0.000000 0.000000 1.000000
vn 0.000000 0.000000 1.000000
vn 0.000000 0.000000 1.000000
vn 0.000000 0.000000 1.000000
vn 0.000000 0.000000 1.000000
vn -0.000000 0.000000 -1.000000
vn -0.000000 0.000000 -1.000000
vn -0.000000 0.000000 -1.000000
vn -0.000000 0.000000 -1.000000
vn -0.000000 0.000000 -1.000000
vn 0.000000 0.000000 1.000000
vn 0.000000 0.000000 1.000000
vn 0.000000 0.000000 1.000000
vn -0.000000 0.000000 -1.000000
vn -0.000000 0.000000 -1.000000
vn -0.000000 0.000000 -1.000000
vn -0.000000 0.000000 -1.000000
vn -0.000000 0.000000 -1.000000
vn 0.001024 0.999998 0.001477
vn -0.001024 0.999998 0.001477
vn 0.002817 0.999991 -0.003304
vn 0.005462 0.253328 -0.967365
vn -0.002817 0.999991 -0.003304
vn 0.000000 1.000000 0.000000
vn 0.000000 1.000000 0.000000
vn 0.000000 1.000000 0.000000
vn 0.000000 1.000000 0.000000
vn 0.000029 0.253287 -0.967391
vn -0.005462 0.253328 -0.967365
vn -0.000029 0.253287 -0.967391
vn -0.000000 0.000000 -1.000000
vn -0.000000 0.000000 -1.000000
vn -0.000000 0.000000 -1.000000
vn -0.000000 0.000000 -1.000000
vn -0.091610 0.066571 -0.993567
vn 0.000005 0.000000 -1.000000
vn 0.000001 0.000000 -1.000000
vn 0.000001 0.000000 -1.000000
vn 0.000001 0.000000 -1.000000
vn 0.000000 0.000000 0.000000
vn 0.000000 0.000000 0.000000
vn 0.000000 0.000000 0.000000
vn 0.000000 0.000000 0.000000
vn 0.000000 0.000000 0.000000
vn -0.999930 0.011862 0.000000
vn -0.944180 0.329429 0.000000
vn -0.954488 0.298251 0.000000
vn -0.999944 0.010582 0.000000
vn -0.804317 0.594200 0.000000
vn -0.834884 0.550426 0.000000
vn -0.594666 0.803973 0.000000
vn -0.646513 0.762903 0.000000
vn -0.329928 0.944006 0.000000
vn -0.210384 0.955785 -0.205459
vn -0.001033 0.999999 0.000000
vn -0.001527 0.999998 -0.001484
vn 0.001033 0.999999 0.000000
vn 0.329928 0.944006 0.000000
vn 0.210384 0.955785 -0.205460
vn 0.001527 0.999998 -0.001484
vn 0.594666 0.803973 0.000000
vn 0.646512 0.762904 0.000000
vn 0.804317 0.594200 0.000000
vn 0.834885 0.550424 0.000000
vn 0.944182 0.329423 0.000000
vn 0.954489 0.298245 0.000000
vn 0.999930 0.011862 0.000000
vn 0.999944 0.010582 0.000000
vn -1.000000 0.000000 0.000000
vn -1.000000 0.000000 0.000000
vn 1.000000 0.000000 0.000000
vn 1.000000 0.000000 0.000000
vn 0.000000 0.010577 -0.999944
vn 0.000000 0.010577 -0.999944
vn 0.000000 0.000000 -1.000000
vn 0.000000 0.000000 -1.000000
vn 0.000000 0.298124 -0.954527
vn 0.000000 0.298124 -0.954527
vn 0.000000 0.550249 -0.835001
vn 0.000000 0.550249 -0.835001
vn 0.000000 0.762723 -0.646726
vn 0.000000 0.762723 -0.646726
vn 0.017296 0.226539 -0.973849
vn 0.091513 0.235469 -0.967564
vn 0.108819 0.093653 -0.989640
vn -0.000000 0.000000 -1.000000
vn 0.000003 0.000000 -1.000000
vn 0.022556 0.111205 -0.993541
vn 0.046890 0.116659 -0.992065
vn 0.045253 0.047460 -0.997848
vn 0.005785 0.009204 -0.999941
vn 0.006117 0.009733 -0.999934
vn 0.000026 0.000000 -1.000000
vn 0.000014 0.000000 -1.000000
vn 0.000000 0.000000 -1.000000
vn -0.138632 0.119310 -0.983131
vn -0.091512 0.235470 -0.967564
vn -0.017295 0.226539 -0.973849
vn -0.010606 0.016879 -0.999801
vn -0.011811 0.018796 -0.999754
vn -0.059995 0.061306 -0.996314
vn -0.049888 0.124128 -0.991011
vn -0.023950 0.118103 -0.992712
vn 0.866543 0.000000 0.499102
vn 0.866543 0.000000 0.499102
vn 0.866543 0.000000 0.499102
vn 0.866543 0.000000 0.499102
s off
g pCube8
usemtl initialShadingGroup
f 24/33/1 9/13/2 21/30/3 20/29/4
s 1
f 32/35/5 14/18/6 30/85/7 29/101/8
s off
f 37/40/9 17/22/10 34/37/11 33/36/12
f 42/45/13 7/11/14 39/42/15 38/41/16
f 46/50/17 14/28/18 44/47/19 43/46/20
f 23/32/21 6/10/22 48/52/23 47/51/24
s 2
f 49/53/25 7/11/26 51/87/27 50/54/28
s 3
f 53/56/29 8/12/30 26/116/31 54/57/32
s 1
f 27/34/33 8/12/34 52/55/35 56/105/36
s off
f 63/60/37 12/16/38 65/62/39 64/61/40
f 67/64/41 13/17/42 35/38/43 68/65/44
f 36/39/45 13/17/46 66/63/47 69/67/48
f 71/69/49 16/20/50 40/71/51 72/70/52
f 73/73/53 6/21/54 22/75/55 74/74/56
f 41/44/57 16/24/58 70/78/59 76/77/60
s 5
f 77/80/61 12/25/62 62/113/63 78/114/64
s off
f 45/49/65 17/27/66 75/82/67 81/81/68
s 6
f 82/83/69 9/13/70 55/58/71 83/115/72
s off
f 21/30/73 1/1/74 22/31/75 20/29/76
f 22/31/77 6/10/78 23/32/79 20/29/80
f 23/32/81 5/9/82 24/33/83 20/29/84
s 1
f 26/116/85 8/12/86 27/34/87 25/100/88
f 27/34/89 10/14/90 28/88/91 25/100/88
f 31/94/92 11/15/93 32/35/94 29/101/8
s off
f 34/37/95 3/3/96 35/38/97 33/36/98
f 35/38/99 13/17/100 36/39/101 33/36/102
f 36/39/103 15/19/104 37/40/105 33/36/106
f 39/42/107 2/2/108 40/43/109 38/41/110
f 40/43/111 16/24/112 41/44/113 38/41/114
f 41/44/115 18/23/116 42/45/117 38/41/118
f 44/47/119 3/8/120 34/48/121 43/46/122
f 34/48/123 17/27/124 45/49/125 43/46/126
f 45/49/127 19/26/128 46/50/129 43/46/130
f 48/52/131 2/2/132 39/42/133 47/51/134
f 39/42/135 7/11/136 49/53/137 47/51/138
f 49/53/139 5/9/140 23/32/141 47/51/142
s 2
f 52/55/143 8/12/144 53/56/145 50/54/28
s off
f 53/56/146 5/9/147 49/53/148 50/54/149
s 3
f 55/58/150 9/13/151 24/33/152 54/57/32
s off
f 24/33/153 5/9/154 53/56/155 54/57/156
s 1
f 57/90/157 10/14/158 27/34/159 56/105/36
f 59/92/160 10/14/161 57/90/157 58/109/162
f 28/88/91 10/14/163 59/92/160 60/112/164
f 62/59/165 12/16/166 63/60/167 61/95/168
f 63/60/169 11/15/170 31/94/92 61/95/168
s off
f 65/62/171 4/4/172 66/63/173 64/61/174
f 66/63/175 13/17/176 67/64/177 64/61/178
f 67/64/179 11/15/180 63/60/181 64/61/182
f 35/38/183 3/3/184 44/66/185 68/65/186
f 44/66/187 14/18/188 32/35/189 68/65/190
f 32/35/191 11/15/192 67/64/193 68/65/194
f 66/63/195 4/4/196 70/68/197 69/67/198
f 70/68/199 16/20/200 71/69/201 69/67/202
f 71/69/203 15/19/204 36/39/205 69/67/206
f 40/71/207 2/6/208 48/72/209 72/70/210
f 48/72/211 6/21/212 73/73/213 72/70/214
f 73/73/215 15/19/216 71/69/217 72/70/218
f 22/75/219 1/5/220 75/76/221 74/74/222
f 75/76/223 17/22/224 37/40/225 74/74/226
f 37/40/227 15/19/228 73/73/229 74/74/230
f 70/78/231 4/7/232 65/79/233 76/77/234
f 65/79/235 12/25/236 77/80/237 76/77/238
f 77/80/239 18/23/240 41/44/241 76/77/242
s 5
f 79/96/243 18/23/244 77/80/245 78/114/64
f 51/87/246 7/11/247 42/45/248 80/97/249
f 42/45/250 18/23/251 79/96/243 80/97/249
s off
f 75/82/252 1/1/253 21/30/254 81/81/255
f 21/30/256 9/13/257 82/83/258 81/81/259
f 82/83/260 19/26/261 45/49/262 81/81/263
s 6
f 84/98/264 19/26/265 82/83/266 83/115/72
f 30/84/267 14/28/268 46/50/269 85/99/270
f 46/50/271 19/26/272 84/98/264 85/99/270
s 1
f 30/85/7 88/120/273 89/121/274 29/101/8
f 88/120/273 87/118/275 90/122/276 89/121/274
f 87/118/275 86/86/277 91/93/278 90/122/276
f 98/102/279 100/129/280 102/131/281 101/103/282
f 100/129/280 99/128/283 103/133/284 102/131/281
s 5
f 99/128/285 51/87/246 80/97/249 103/132/286
s 1
f 106/104/287 105/136/288 108/138/289 107/91/290
f 105/136/288 104/135/291 109/140/292 108/138/289
s 5
f 104/134/293 79/96/243 78/114/64 109/139/294
s 1
f 28/88/91 116/111/295 95/89/296 25/100/88
f 57/90/157 106/104/287 107/91/290 58/109/162
f 59/92/160 110/108/297 91/93/278 60/112/164
f 95/89/296 92/117/298 26/116/85 25/100/88
f 52/55/35 98/102/279 101/103/282 56/105/36
f 101/103/282 106/104/287 57/90/157 56/105/36
f 107/91/290 122/106/299 113/107/300 58/109/162
f 113/107/300 110/108/297 59/92/160 58/109/162
f 91/93/278 86/86/277 119/110/301 60/112/164
f 119/110/301 116/111/295 28/88/91 60/112/164
s 3
f 55/58/150 54/57/32 26/116/31 92/117/302 93/123/303 94/124/304
s 2
f 98/102/305 52/55/143 50/54/28 51/87/27 99/128/306 100/129/307
s 6
f 88/119/308 30/84/267 85/99/270 121/151/309
s 1
f 86/86/277 87/118/275 120/150/310 119/110/301
f 87/118/275 88/120/311 121/152/312 120/150/310
s 6
f 55/58/71 94/124/313 97/127/314 83/115/72
s 1
f 94/124/315 93/123/316 96/125/317 97/126/318
f 93/123/316 92/117/298 95/89/296 96/125/317
f 101/103/282 102/131/281 105/136/288 106/104/287
f 102/130/281 103/132/284 104/134/291 105/137/288
s 5
f 103/132/286 80/97/249 79/96/243 104/134/293
f 109/139/294 78/114/64 62/113/63 124/155/319
s 1
f 107/91/290 108/138/289 123/153/320 122/106/299
f 108/138/289 109/140/292 124/154/321 123/153/320
f 29/101/8 89/121/274 112/142/322 31/94/92
f 89/121/274 90/122/276 111/141/323 112/142/322
f 90/122/276 91/93/278 110/108/297 111/141/323
f 31/94/92 112/142/322 115/144/324 61/95/168
f 112/142/322 111/141/323 114/143/325 115/144/324
f 111/141/323 110/108/297 113/107/300 114/143/325
s 6
f 83/115/72 97/127/314 118/147/326 84/98/264
s 1
f 97/126/318 96/125/317 117/145/327 118/148/328
f 96/125/317 95/89/296 116/111/295 117/145/327
s 6
f 84/98/264 118/147/326 121/151/309 85/99/270
s 1
f 118/147/328 117/146/327 120/149/310 121/151/312
f 117/145/327 116/111/295 119/110/301 120/150/310
f 61/95/168 115/144/324 124/154/329 62/59/165
f 115/144/324 114/143/325 123/153/320 124/154/329
f 114/143/325 113/107/300 122/106/299 123/153/320
s 22
f 155/156/330 319/157/331 415/158/332 322/159/333
f 319/157/331 137/160/334 320/161/335 415/158/332
f 415/158/332 320/161/335 152/162/336 321/163/337
f 322/159/333 415/158/332 321/163/337 151/164/338
f 160/165/339 323/166/340 416/167/341 326/168/342
f 323/166/340 141/169/343 324/170/344 416/167/341
f 416/167/341 324/170/344 157/171/345 325/172/346
f 326/168/342 416/167/341 325/172/346 156/173/347
f 165/174/348 327/175/349 417/176/350 330/177/351
f 327/175/349 145/178/352 328/179/353 417/176/350
f 417/176/350 328/179/353 162/180/354 329/181/355
f 330/177/351 417/176/350 329/181/355 161/182/356
f 170/183/357 331/184/358 418/185/359 334/186/360
f 331/184/358 148/187/361 332/188/362 418/185/359
f 418/185/359 332/188/362 167/189/363 333/190/364
f 334/186/360 418/185/359 333/190/364 166/191/365
f 175/192/366 335/193/367 419/194/368 338/195/369
f 335/193/367 135/196/370 336/197/371 419/194/368
f 419/194/368 336/197/371 172/198/372 337/199/373
f 338/195/369 419/194/368 337/199/373 171/200/374
f 179/201/375 339/202/376 420/203/377 342/204/378
f 339/202/376 145/205/352 340/206/379 420/203/377
f 420/203/377 340/206/379 177/207/380 341/208/381
f 342/204/378 420/203/377 341/208/381 176/209/382
f 154/210/383 343/211/384 421/212/385 346/213/386
f 343/211/384 134/214/387 344/215/388 421/212/385
f 421/212/385 344/215/388 181/216/389 345/217/390
f 346/213/386 421/212/385 345/217/390 180/218/391
f 182/219/392 347/220/393 422/221/394 350/222/395
f 347/220/393 135/196/370 348/223/396 422/221/394
f 422/221/394 348/223/396 184/224/397 349/225/398
f 350/222/395 422/221/394 349/225/398 183/226/399
f 186/227/400 351/228/401 423/229/402 354/230/403
f 351/228/401 136/231/404 352/232/405 423/229/402
f 423/229/402 352/232/405 158/233/406 353/234/407
f 354/230/403 423/229/402 353/234/407 187/235/408
f 159/236/409 355/237/410 424/238/411 358/239/412
f 355/237/410 136/231/404 356/240/413 424/238/411
f 424/238/411 356/240/413 185/241/414 357/242/415
f 358/239/412 424/238/411 357/242/415 189/243/416
f 191/244/417 359/245/418 425/246/419 362/247/420
f 359/245/418 139/248/421 360/249/422 425/246/419
f 425/246/419 360/249/422 193/250/423 361/251/424
f 362/247/420 425/246/419 361/251/424 192/252/425
f 195/253/426 363/254/427 426/255/428 366/256/429
f 363/254/427 140/257/430 364/258/431 426/255/428
f 426/255/428 364/258/431 163/259/432 365/260/433
f 366/256/429 426/255/428 365/260/433 196/261/434
f 164/262/435 367/263/436 427/264/437 370/265/438
f 367/263/436 140/257/430 368/266/439 427/264/437
f 427/264/437 368/266/439 194/267/440 369/268/441
f 370/265/438 427/264/437 369/268/441 198/269/442
f 200/270/443 371/271/444 428/272/445 374/273/446
f 371/271/444 143/274/447 372/275/448 428/272/445
f 428/272/445 372/275/448 202/276/449 373/277/450
f 374/273/446 428/272/445 373/277/450 201/278/451
f 204/279/452 375/280/453 429/281/454 378/282/455
f 375/280/453 144/283/456 376/284/457 429/281/454
f 429/281/454 376/284/457 168/285/458 377/286/459
f 378/282/455 429/281/454 377/286/459 205/287/460
f 169/288/461 379/289/462 430/290/463 382/291/464
f 379/289/462 144/283/456 380/292/465 430/290/463
f 430/290/463 380/292/465 203/293/466 381/294/467
f 382/291/464 430/290/463 381/294/467 206/295/468
f 208/296/469 383/297/470 431/298/471 386/299/472
f 383/297/470 147/300/473 384/301/474 431/298/471
f 431/298/471 384/301/474 173/302/475 385/303/476
f 386/299/472 431/298/471 385/303/476 209/304/477
f 210/305/478 387/306/479 432/307/480 390/308/481
f 387/306/479 134/309/387 388/310/482 432/307/480
f 432/307/480 388/310/482 153/311/483 389/312/484
f 390/308/481 432/307/480 389/312/484 211/313/485
f 174/314/486 391/315/487 433/316/488 394/317/489
f 391/315/487 147/318/473 392/319/490 433/316/488
f 433/316/488 392/319/490 207/320/491 393/321/492
f 394/317/489 433/316/488 393/321/492 213/322/493
f 214/323/494 395/324/495 434/325/496 398/326/497
f 395/324/495 143/327/447 396/328/498 434/325/496
f 434/325/496 396/328/498 199/329/499 397/330/500
f 398/326/497 434/325/496 397/330/500 215/331/501
f 216/332/502 399/333/503 435/334/504 402/335/505
f 399/333/503 139/336/421 400/337/506 435/334/504
f 435/334/504 400/337/506 190/338/507 401/339/508
f 402/335/505 435/334/504 401/339/508 217/340/509
f 178/341/510 403/342/511 436/343/512 406/344/513
f 403/342/511 148/345/361 404/346/514 436/343/512
f 436/343/512 404/346/514 212/347/515 405/348/516
f 406/344/513 436/343/512 405/348/516 218/349/517
f 219/350/518 407/351/519 437/352/520 410/353/521
f 407/351/519 137/160/334 408/354/522 437/352/520
f 437/352/520 408/354/522 188/355/523 409/356/524
f 410/353/521 437/352/520 409/356/524 220/357/525
f 221/358/526 411/359/527 438/360/528 414/361/529
f 411/359/527 141/362/343 412/363/530 438/360/528
f 438/360/528 412/363/530 197/364/531 413/365/532
f 414/361/529 438/360/528 413/365/532 222/366/533
f 152/162/336 223/367/534 439/368/535 321/163/337
s off
f 899/369/536 897/370/537 981/371/538 985/372/539
s 22
f 439/368/535 224/373/540 153/374/483 225/375/541
f 321/163/337 439/368/535 225/375/541 151/164/338
f 153/374/483 388/376/482 440/377/542 225/375/541
f 388/376/482 134/214/387 343/211/384 440/377/542
f 440/377/542 343/211/384 154/210/383 226/378/543
f 225/375/541 440/377/542 226/378/543 151/164/338
f 154/210/383 227/379/544 441/380/545 226/378/543
f 227/379/544 133/381/546 228/382/547 441/380/545
f 441/380/545 228/382/547 155/156/330 322/159/333
f 226/378/543 441/380/545 322/159/333 151/164/338
f 157/171/345 229/383/548 442/384/549 325/172/346
s off
f 916/385/550 899/369/551 985/372/552 984/386/553
s 22
f 442/384/549 230/387/554 158/233/406 231/388/555
f 325/172/346 442/384/549 231/388/555 156/173/347
f 158/233/406 352/232/405 443/389/556 231/388/555
f 352/232/405 136/231/404 355/237/410 443/389/556
f 443/389/556 355/237/410 159/236/409 232/390/557
f 231/388/555 443/389/556 232/390/557 156/173/347
f 159/236/409 233/391/558 444/392/559 232/390/557
f 233/391/558 138/393/560 234/394/561 444/392/559
f 444/392/559 234/394/561 160/165/339 326/168/342
f 232/390/557 444/392/559 326/168/342 156/173/347
f 162/180/354 235/395/562 445/396/563 329/181/355
s off
f 917/397/564 916/385/565 984/386/566 983/398/567
s 22
f 445/396/563 236/399/568 163/259/432 237/400/569
f 329/181/355 445/396/563 237/400/569 161/182/356
f 163/259/432 364/258/431 446/401/570 237/400/569
f 364/258/431 140/257/430 367/263/436 446/401/570
f 446/401/570 367/263/436 164/262/435 238/402/571
f 237/400/569 446/401/570 238/402/571 161/182/356
f 164/262/435 239/403/572 447/404/573 238/402/571
f 239/403/572 142/405/574 240/406/575 447/404/573
f 447/404/573 240/406/575 165/174/348 330/177/351
f 238/402/571 447/404/573 330/177/351 161/182/356
f 167/189/363 241/407/576 448/408/577 333/190/364
f 448/408/577 242/409/578 168/285/458 243/410/579
f 333/190/364 448/408/577 243/410/579 166/191/365
f 168/285/458 376/284/457 449/411/580 243/410/579
f 376/284/457 144/283/456 379/289/462 449/411/580
f 449/411/580 379/289/462 169/288/461 244/412/581
f 243/410/579 449/411/580 244/412/581 166/191/365
f 169/288/461 245/413/582 450/414/583 244/412/581
f 245/413/582 146/415/584 246/416/585 450/414/583
f 450/414/583 246/416/585 170/183/357 334/186/360
f 244/412/581 450/414/583 334/186/360 166/191/365
f 172/198/372 247/417/586 451/418/587 337/199/373
s off
f 897/370/588 898/419/589 982/420/590 981/371/591
s 22
f 451/418/587 248/421/592 173/422/475 249/423/593
f 337/199/373 451/418/587 249/423/593 171/200/374
f 173/422/475 384/424/474 452/425/594 249/423/593
f 384/424/474 147/318/473 391/315/487 452/425/594
f 452/425/594 391/315/487 174/314/486 250/426/595
f 249/423/593 452/425/594 250/426/595 171/200/374
f 174/314/486 251/427/596 453/428/597 250/426/595
f 251/427/596 149/429/598 252/430/599 453/428/597
f 453/428/597 252/430/599 175/192/366 338/195/369
f 250/426/595 453/428/597 338/195/369 171/200/374
f 177/207/380 253/431/600 454/432/601 341/208/381
f 454/432/601 241/433/576 167/434/363 254/435/602
f 341/208/381 454/432/601 254/435/602 176/209/382
f 167/434/363 332/436/362 455/437/603 254/435/602
f 332/436/362 148/345/361 403/342/511 455/437/603
f 455/437/603 403/342/511 178/341/510 255/438/604
f 254/435/602 455/437/603 255/438/604 176/209/382
f 178/341/510 256/439/605 456/440/606 255/438/604
f 256/439/605 150/441/607 257/442/608 456/440/606
f 456/440/606 257/442/608 179/201/375 342/204/378
f 255/438/604 456/440/606 342/204/378 176/209/382
f 181/216/389 258/443/609 457/444/610 345/217/390
s off
f 909/445/611 903/446/612 980/447/613 979/448/614
s 22
f 457/444/610 247/417/586 172/198/372 259/449/615
f 345/217/390 457/444/610 259/449/615 180/218/391
f 172/198/372 336/197/371 458/450/616 259/449/615
f 336/197/371 135/196/370 347/220/393 458/450/616
f 458/450/616 347/220/393 182/219/392 260/451/617
f 259/449/615 458/450/616 260/451/617 180/218/391
f 182/219/392 261/452/618 459/453/619 260/451/617
f 261/452/618 133/381/546 227/379/544 459/453/619
f 459/453/619 227/379/544 154/210/383 346/213/386
f 260/451/617 459/453/619 346/213/386 180/218/391
f 184/224/397 262/454/620 460/455/621 349/225/398
f 460/455/621 263/456/622 185/241/414 264/457/623
f 349/225/398 460/455/621 264/457/623 183/226/399
f 185/241/414 356/240/413 461/458/624 264/457/623
f 356/240/413 136/231/404 351/228/401 461/458/624
f 461/458/624 351/228/401 186/227/400 265/459/625
f 264/457/623 461/458/624 265/459/625 183/226/399
f 186/227/400 266/460/626 462/461/627 265/459/625
f 266/460/626 133/381/546 261/452/618 462/461/627
f 462/461/627 261/452/618 182/219/392 350/222/395
f 265/459/625 462/461/627 350/222/395 183/226/399
f 158/233/406 230/387/554 463/462/628 353/234/407
f 463/462/628 267/463/629 188/355/523 268/464/630
f 353/234/407 463/462/628 268/464/630 187/235/408
f 188/355/523 408/354/522 464/465/631 268/464/630
f 408/354/522 137/160/334 319/157/331 464/465/631
f 464/465/631 319/157/331 155/156/330 269/466/632
f 268/464/630 464/465/631 269/466/632 187/235/408
f 155/156/330 228/382/547 465/467/633 269/466/632
f 228/382/547 133/381/546 266/460/626 465/467/633
f 465/467/633 266/460/626 186/227/400 354/230/403
f 269/466/632 465/467/633 354/230/403 187/235/408
f 185/241/414 263/456/622 466/468/634 357/242/415
s off
f 973/469/635 969/470/636 974/471/637 978/472/638
s 22
f 466/468/634 270/473/639 190/474/507 271/475/640
f 357/242/415 466/468/634 271/475/640 189/243/416
f 190/474/507 400/476/506 467/477/641 271/475/640
f 400/476/506 139/248/421 359/245/418 467/477/641
f 467/477/641 359/245/418 191/244/417 272/478/642
f 271/475/640 467/477/641 272/478/642 189/243/416
f 191/244/417 273/479/643 468/480/644 272/478/642
f 273/479/643 138/393/560 233/391/558 468/480/644
f 468/480/644 233/391/558 159/236/409 358/239/412
f 272/478/642 468/480/644 358/239/412 189/243/416
f 193/250/423 274/481/645 469/482/646 361/251/424
s off
f 972/483/647 973/469/648 978/472/649 977/484/650
s 22
f 469/482/646 275/485/651 194/267/440 276/486/652
f 361/251/424 469/482/646 276/486/652 192/252/425
f 194/267/440 368/266/439 470/487/653 276/486/652
f 368/266/439 140/257/430 363/254/427 470/487/653
f 470/487/653 363/254/427 195/253/426 277/488/654
f 276/486/652 470/487/653 277/488/654 192/252/425
f 195/253/426 278/489/655 471/490/656 277/488/654
f 278/489/655 138/393/560 273/479/643 471/490/656
f 471/490/656 273/479/643 191/244/417 362/247/420
f 277/488/654 471/490/656 362/247/420 192/252/425
f 163/259/432 236/399/568 472/491/657 365/260/433
s off
f 971/492/658 972/483/659 977/484/660 976/493/661
s 22
f 472/491/657 279/494/662 197/495/531 280/496/663
f 365/260/433 472/491/657 280/496/663 196/261/434
f 197/495/531 412/497/530 473/498/664 280/496/663
f 412/497/530 141/169/343 323/166/340 473/498/664
f 473/498/664 323/166/340 160/165/339 281/499/665
f 280/496/663 473/498/664 281/499/665 196/261/434
f 160/165/339 234/394/561 474/500/666 281/499/665
f 234/394/561 138/393/560 278/489/655 474/500/666
f 474/500/666 278/489/655 195/253/426 366/256/429
f 281/499/665 474/500/666 366/256/429 196/261/434
f 194/267/440 275/485/651 475/501/667 369/268/441
s off
f 970/502/668 971/492/669 976/493/670 975/503/671
s 22
f 475/501/667 282/504/672 199/505/499 283/506/673
f 369/268/441 475/501/667 283/506/673 198/269/442
f 199/505/499 396/507/498 476/508/674 283/506/673
f 396/507/498 143/274/447 371/271/444 476/508/674
f 476/508/674 371/271/444 200/270/443 284/509/675
f 283/506/673 476/508/674 284/509/675 198/269/442
f 200/270/443 285/510/676 477/511/677 284/509/675
f 285/510/676 142/405/574 239/403/572 477/511/677
f 477/511/677 239/403/572 164/262/435 370/265/438
f 284/509/675 477/511/677 370/265/438 198/269/442
f 202/276/449 286/512/678 478/513/679 373/277/450
s off
f 969/470/680 970/502/681 975/503/682 974/471/683
s 22
f 478/513/679 287/514/684 203/293/466 288/515/685
f 373/277/450 478/513/679 288/515/685 201/278/451
f 203/293/466 380/292/465 479/516/686 288/515/685
f 380/292/465 144/283/456 375/280/453 479/516/686
f 479/516/686 375/280/453 204/279/452 289/517/687
f 288/515/685 479/516/686 289/517/687 201/278/451
f 204/279/452 290/518/688 480/519/689 289/517/687
f 290/518/688 142/405/574 285/510/676 480/519/689
f 480/519/689 285/510/676 200/270/443 374/273/446
f 289/517/687 480/519/689 374/273/446 201/278/451
f 168/285/458 242/409/578 481/520/690 377/286/459
s off
f 900/521/691 944/522/692 969/470/693 973/469/694
s 22
f 481/520/690 253/523/600 177/524/380 291/525/695
f 377/286/459 481/520/690 291/525/695 205/287/460
f 177/524/380 340/526/379 482/527/696 291/525/695
f 340/526/379 145/178/352 327/175/349 482/527/696
f 482/527/696 327/175/349 165/174/348 292/528/697
f 291/525/695 482/527/696 292/528/697 205/287/460
f 165/174/348 240/406/575 483/529/698 292/528/697
f 240/406/575 142/405/574 290/518/688 483/529/698
f 483/529/698 290/518/688 204/279/452 378/282/455
f 292/528/697 483/529/698 378/282/455 205/287/460
f 203/293/466 287/514/684 484/530/699 381/294/467
s off
f 902/531/700 900/521/701 973/469/702 972/483/703
s 22
f 484/530/699 293/532/704 207/533/491 294/534/705
f 381/294/467 484/530/699 294/534/705 206/295/468
f 207/533/491 392/535/490 485/536/706 294/534/705
f 392/535/490 147/300/473 383/297/470 485/536/706
f 485/536/706 383/297/470 208/296/469 295/537/707
f 294/534/705 485/536/706 295/537/707 206/295/468
f 208/296/469 296/538/708 486/539/709 295/537/707
f 296/538/708 146/415/584 245/413/582 486/539/709
f 486/539/709 245/413/582 169/288/461 382/291/464
f 295/537/707 486/539/709 382/291/464 206/295/468
f 173/302/475 248/540/592 487/541/710 385/303/476
s off
f 903/446/711 902/531/712 972/483/713 971/492/714
s 22
f 487/541/710 258/542/609 181/543/389 297/544/715
f 385/303/476 487/541/710 297/544/715 209/304/477
f 181/543/389 344/545/388 488/546/716 297/544/715
f 344/545/388 134/309/387 387/306/479 488/546/716
f 488/546/716 387/306/479 210/305/478 298/547/717
f 297/544/715 488/546/716 298/547/717 209/304/477
f 210/305/478 299/548/718 489/549/719 298/547/717
f 299/548/718 146/415/584 296/538/708 489/549/719
f 489/549/719 296/538/708 208/296/469 386/299/472
f 298/547/717 489/549/719 386/299/472 209/304/477
f 153/311/483 224/550/540 490/551/720 389/312/484
f 490/551/720 300/552/721 212/553/515 301/554/722
f 389/312/484 490/551/720 301/554/722 211/313/485
f 212/553/515 404/555/514 491/556/723 301/554/722
f 404/555/514 148/187/361 331/184/358 491/556/723
f 491/556/723 331/184/358 170/183/357 302/557/724
f 301/554/722 491/556/723 302/557/724 211/313/485
f 170/183/357 246/416/585 492/558/725 302/557/724
f 246/416/585 146/415/584 299/548/718 492/558/725
f 492/558/725 299/548/718 210/305/478 390/308/481
f 302/557/724 492/558/725 390/308/481 211/313/485
f 207/320/491 293/559/704 493/560/726 393/321/492
s 46
f 944/522/727 994/561/728 993/562/729 970/502/730 969/470/731
s 22
f 493/560/726 286/563/678 202/564/449 303/565/732
f 393/321/492 493/560/726 303/565/732 213/322/493
f 202/564/449 372/566/448 494/567/733 303/565/732
f 372/566/448 143/327/447 395/324/495 494/567/733
f 494/567/733 395/324/495 214/323/494 304/568/734
f 303/565/732 494/567/733 304/568/734 213/322/493
f 214/323/494 305/569/735 495/570/736 304/568/734
f 305/569/735 149/429/598 251/427/596 495/570/736
f 495/570/736 251/427/596 174/314/486 394/317/489
f 304/568/734 495/570/736 394/317/489 213/322/493
f 199/329/499 282/571/672 496/572/737 397/330/500
s off
f 963/573/738 959/574/739 964/575/740 968/576/741
s 22
f 496/572/737 274/577/645 193/578/423 306/579/742
f 397/330/500 496/572/737 306/579/742 215/331/501
f 193/578/423 360/580/422 497/581/743 306/579/742
f 360/580/422 139/336/421 399/333/503 497/581/743
f 497/581/743 399/333/503 216/332/502 307/582/744
f 306/579/742 497/581/743 307/582/744 215/331/501
f 216/332/502 308/583/745 498/584/746 307/582/744
f 308/583/745 149/429/598 305/569/735 498/584/746
f 498/584/746 305/569/735 214/323/494 398/326/497
f 307/582/744 498/584/746 398/326/497 215/331/501
f 190/338/507 270/585/639 499/586/747 401/339/508
s off
f 962/587/748 963/573/749 968/576/750 967/588/751
s 22
f 499/586/747 262/454/620 184/224/397 309/589/752
f 401/339/508 499/586/747 309/589/752 217/340/509
f 184/224/397 348/223/396 500/590/753 309/589/752
f 348/223/396 135/196/370 335/193/367 500/590/753
f 500/590/753 335/193/367 175/192/366 310/591/754
f 309/589/752 500/590/753 310/591/754 217/340/509
f 175/192/366 252/430/599 501/592/755 310/591/754
f 252/430/599 149/429/598 308/583/745 501/592/755
f 501/592/755 308/583/745 216/332/502 402/335/505
f 310/591/754 501/592/755 402/335/505 217/340/509
f 212/347/515 300/593/721 502/594/756 405/348/516
s off
f 961/595/757 962/587/758 967/588/759 966/596/760
s 22
f 502/594/756 223/367/534 152/162/336 311/597/761
f 405/348/516 502/594/756 311/597/761 218/349/517
f 152/162/336 320/161/335 503/598/762 311/597/761
f 320/161/335 137/160/334 407/351/519 503/598/762
f 503/598/762 407/351/519 219/350/518 312/599/763
f 311/597/761 503/598/762 312/599/763 218/349/517
f 219/350/518 313/600/764 504/601/765 312/599/763
f 313/600/764 150/441/607 256/439/605 504/601/765
f 504/601/765 256/439/605 178/341/510 406/344/513
f 312/599/763 504/601/765 406/344/513 218/349/517
f 188/355/523 267/463/629 505/602/766 409/356/524
s off
f 960/603/767 961/595/768 966/596/769 965/604/770
s 22
f 505/602/766 229/605/548 157/606/345 314/607/771
f 409/356/524 505/602/766 314/607/771 220/357/525
f 157/606/345 324/608/344 506/609/772 314/607/771
f 324/608/344 141/362/343 411/359/527 506/609/772
f 506/609/772 411/359/527 221/358/526 315/610/773
f 314/607/771 506/609/772 315/610/773 220/357/525
f 221/358/526 316/611/774 507/612/775 315/610/773
f 316/611/774 150/441/607 313/600/764 507/612/775
f 507/612/775 313/600/764 219/350/518 410/353/521
f 315/610/773 507/612/775 410/353/521 220/357/525
f 197/364/531 279/613/662 508/614/776 413/365/532
s off
f 959/574/777 960/603/778 965/604/779 964/575/780
s 22
f 508/614/776 235/615/562 162/616/354 317/617/781
f 413/365/532 508/614/776 317/617/781 222/366/533
f 162/616/354 328/618/353 509/619/782 317/617/781
f 328/618/353 145/205/352 339/202/376 509/619/782
f 509/619/782 339/202/376 179/201/375 318/620/783
f 317/617/781 509/619/782 318/620/783 222/366/533
f 179/201/375 257/442/608 510/621/784 318/620/783
f 257/442/608 150/441/607 316/611/774 510/621/784
f 510/621/784 316/611/774 221/358/526 414/361/529
f 318/620/783 510/621/784 414/361/529 222/366/533
s 47
f 541/622/785 705/623/786 801/624/787 708/625/788
f 705/623/786 523/626/789 706/627/790 801/624/787
f 801/624/787 706/627/790 538/628/791 707/629/792
f 708/625/788 801/624/787 707/629/792 537/630/793
f 546/631/794 709/632/795 802/633/796 712/634/797
f 709/632/795 527/635/798 710/636/799 802/633/796
f 802/633/796 710/636/799 543/637/800 711/638/801
f 712/634/797 802/633/796 711/638/801 542/639/802
f 551/640/803 713/641/804 803/642/805 716/643/806
f 713/641/804 531/644/807 714/645/808 803/642/805
f 803/642/805 714/645/808 548/646/809 715/647/810
f 716/643/806 803/642/805 715/647/810 547/648/811
f 556/649/812 717/650/813 804/651/814 720/652/815
f 717/650/813 534/653/816 718/654/817 804/651/814
f 804/651/814 718/654/817 553/655/818 719/656/819
f 720/652/815 804/651/814 719/656/819 552/657/820
f 561/658/821 721/659/822 805/660/823 724/661/824
f 721/659/822 521/662/825 722/663/826 805/660/823
f 805/660/823 722/663/826 558/664/827 723/665/828
f 724/661/824 805/660/823 723/665/828 557/666/829
f 565/667/830 725/668/831 806/669/832 728/670/833
f 725/668/831 531/671/807 726/672/834 806/669/832
f 806/669/832 726/672/834 563/673/835 727/674/836
f 728/670/833 806/669/832 727/674/836 562/675/837
f 540/676/838 729/677/839 807/678/840 732/679/841
f 729/677/839 520/680/842 730/681/843 807/678/840
f 807/678/840 730/681/843 567/682/844 731/683/845
f 732/679/841 807/678/840 731/683/845 566/684/846
f 568/685/847 733/686/848 808/687/849 736/688/850
f 733/686/848 521/662/825 734/689/851 808/687/849
f 808/687/849 734/689/851 570/690/852 735/691/853
f 736/688/850 808/687/849 735/691/853 569/692/854
f 572/693/855 737/694/856 809/695/857 740/696/858
f 737/694/856 522/697/859 738/698/860 809/695/857
f 809/695/857 738/698/860 544/699/861 739/700/862
f 740/696/858 809/695/857 739/700/862 573/701/863
f 545/702/864 741/703/865 810/704/866 744/705/867
f 741/703/865 522/697/859 742/706/868 810/704/866
f 810/704/866 742/706/868 571/707/869 743/708/870
f 744/705/867 810/704/866 743/708/870 575/709/871
f 577/710/872 745/711/873 811/712/874 748/713/875
f 745/711/873 525/714/876 746/715/877 811/712/874
f 811/712/874 746/715/877 579/716/878 747/717/879
f 748/713/875 811/712/874 747/717/879 578/718/880
f 581/719/881 749/720/882 812/721/883 752/722/884
f 749/720/882 526/723/885 750/724/886 812/721/883
f 812/721/883 750/724/886 549/725/887 751/726/888
f 752/722/884 812/721/883 751/726/888 582/727/889
f 550/728/890 753/729/891 813/730/892 756/731/893
f 753/729/891 526/723/885 754/732/894 813/730/892
f 813/730/892 754/732/894 580/733/895 755/734/896
f 756/731/893 813/730/892 755/734/896 584/735/897
f 586/736/898 757/737/899 814/738/900 760/739/901
f 757/737/899 529/740/902 758/741/903 814/738/900
f 814/738/900 758/741/903 588/742/904 759/743/905
f 760/739/901 814/738/900 759/743/905 587/744/906
f 590/745/907 761/746/908 815/747/909 764/748/910
f 761/746/908 530/749/911 762/750/912 815/747/909
f 815/747/909 762/750/912 554/751/913 763/752/914
f 764/748/910 815/747/909 763/752/914 591/753/915
f 555/754/916 765/755/917 816/756/918 768/757/919
f 765/755/917 530/749/911 766/758/920 816/756/918
f 816/756/918 766/758/920 589/759/921 767/760/922
f 768/757/919 816/756/918 767/760/922 592/761/923
f 594/762/924 769/763/925 817/764/926 772/765/927
f 769/763/925 533/766/928 770/767/929 817/764/926
f 817/764/926 770/767/929 559/768/930 771/769/931
f 772/765/927 817/764/926 771/769/931 595/770/932
f 596/771/933 773/772/934 818/773/935 776/774/936
f 773/772/934 520/775/842 774/776/937 818/773/935
f 818/773/935 774/776/937 539/777/938 775/778/939
f 776/774/936 818/773/935 775/778/939 597/779/940
f 560/780/941 777/781/942 819/782/943 780/783/944
f 777/781/942 533/784/928 778/785/945 819/782/943
f 819/782/943 778/785/945 593/786/946 779/787/947
f 780/783/944 819/782/943 779/787/947 599/788/948
f 600/789/949 781/790/950 820/791/951 784/792/952
f 781/790/950 529/793/902 782/794/953 820/791/951
f 820/791/951 782/794/953 585/795/954 783/796/955
f 784/792/952 820/791/951 783/796/955 601/797/956
f 602/798/957 785/799/958 821/800/959 788/801/960
f 785/799/958 525/802/876 786/803/961 821/800/959
f 821/800/959 786/803/961 576/804/962 787/805/963
f 788/801/960 821/800/959 787/805/963 603/806/964
f 564/807/965 789/808/966 822/809/967 792/810/968
f 789/808/966 534/811/816 790/812/969 822/809/967
f 822/809/967 790/812/969 598/813/970 791/814/971
f 792/810/968 822/809/967 791/814/971 604/815/972
f 605/816/973 793/817/974 823/818/975 796/819/976
f 793/817/974 523/626/789 794/820/977 823/818/975
f 823/818/975 794/820/977 574/821/978 795/822/979
f 796/819/976 823/818/975 795/822/979 606/823/980
f 607/824/981 797/825/982 824/826/983 800/827/984
f 797/825/982 527/828/798 798/829/985 824/826/983
f 824/826/983 798/829/985 583/830/986 799/831/987
f 800/827/984 824/826/983 799/831/987 608/832/988
f 538/628/791 609/833/989 825/834/990 707/629/792
s off
f 958/835/991 954/836/992 959/574/993 963/573/994
s 47
f 825/834/990 610/837/995 539/838/938 611/839/996
f 707/629/792 825/834/990 611/839/996 537/630/793
f 539/838/938 774/840/937 826/841/997 611/839/996
f 774/840/937 520/680/842 729/677/839 826/841/997
f 826/841/997 729/677/839 540/676/838 612/842/998
f 611/839/996 826/841/997 612/842/998 537/630/793
f 540/676/838 613/843/999 827/844/1000 612/842/998
f 613/843/999 519/845/1001 614/846/1002 827/844/1000
f 827/844/1000 614/846/1002 541/622/785 708/625/788
f 612/842/998 827/844/1000 708/625/788 537/630/793
f 543/637/800 615/847/1003 828/848/1004 711/638/801
s off
f 932/849/1005 933/850/1006 934/851/1007 935/852/1008
s 47
f 828/848/1004 616/853/1009 544/699/861 617/854/1010
f 711/638/801 828/848/1004 617/854/1010 542/639/802
f 544/699/861 738/698/860 829/855/1011 617/854/1010
f 738/698/860 522/697/859 741/703/865 829/855/1011
f 829/855/1011 741/703/865 545/702/864 618/856/1012
f 617/854/1010 829/855/1011 618/856/1012 542/639/802
f 545/702/864 619/857/1013 830/858/1014 618/856/1012
f 619/857/1013 524/859/1015 620/860/1016 830/858/1014
f 830/858/1014 620/860/1016 546/631/794 712/634/797
f 618/856/1012 830/858/1014 712/634/797 542/639/802
f 548/646/809 621/861/1017 831/862/1018 715/647/810
s off
f 956/863/1019 957/864/1020 962/587/1021 961/595/1022
s 47
f 831/862/1018 622/865/1023 549/725/887 623/866/1024
f 715/647/810 831/862/1018 623/866/1024 547/648/811
f 549/725/887 750/724/886 832/867/1025 623/866/1024
f 750/724/886 526/723/885 753/729/891 832/867/1025
f 832/867/1025 753/729/891 550/728/890 624/868/1026
f 623/866/1024 832/867/1025 624/868/1026 547/648/811
f 550/728/890 625/869/1027 833/870/1028 624/868/1026
f 625/869/1027 528/871/1029 626/872/1030 833/870/1028
f 833/870/1028 626/872/1030 551/640/803 716/643/806
f 624/868/1026 833/870/1028 716/643/806 547/648/811
f 553/655/818 627/873/1031 834/874/1032 719/656/819
f 834/874/1032 628/875/1033 554/751/913 629/876/1034
f 719/656/819 834/874/1032 629/876/1034 552/657/820
f 554/751/913 762/750/912 835/877/1035 629/876/1034
f 762/750/912 530/749/911 765/755/917 835/877/1035
f 835/877/1035 765/755/917 555/754/916 630/878/1036
f 629/876/1034 835/877/1035 630/878/1036 552/657/820
f 555/754/916 631/879/1037 836/880/1038 630/878/1036
f 631/879/1037 532/881/1039 632/882/1040 836/880/1038
f 836/880/1038 632/882/1040 556/649/812 720/652/815
f 630/878/1036 836/880/1038 720/652/815 552/657/820
f 558/664/827 633/883/1041 837/884/1042 723/665/828
s off
f 954/836/1043 955/885/1044 960/603/1045 959/574/1046
s 47
f 837/884/1042 634/886/1047 559/887/930 635/888/1048
f 723/665/828 837/884/1042 635/888/1048 557/666/829
f 559/887/930 770/889/929 838/890/1049 635/888/1048
f 770/889/929 533/784/928 777/781/942 838/890/1049
f 838/890/1049 777/781/942 560/780/941 636/891/1050
f 635/888/1048 838/890/1049 636/891/1050 557/666/829
f 560/780/941 637/892/1051 839/893/1052 636/891/1050
f 637/892/1051 535/894/1053 638/895/1054 839/893/1052
f 839/893/1052 638/895/1054 561/658/821 724/661/824
f 636/891/1050 839/893/1052 724/661/824 557/666/829
f 563/673/835 639/896/1055 840/897/1056 727/674/836
s off
f 898/898/1057 904/899/1058 925/900/1059 931/901/1060
s 47
f 840/897/1056 627/902/1031 553/903/818 640/904/1061
f 727/674/836 840/897/1056 640/904/1061 562/675/837
f 553/903/818 718/905/817 841/906/1062 640/904/1061
f 718/905/817 534/811/816 789/808/966 841/906/1062
f 841/906/1062 789/808/966 564/807/965 641/907/1063
f 640/904/1061 841/906/1062 641/907/1063 562/675/837
f 564/807/965 642/908/1064 842/909/1065 641/907/1063
f 642/908/1064 536/910/1066 643/911/1067 842/909/1065
f 842/909/1065 643/911/1067 565/667/830 728/670/833
f 641/907/1063 842/909/1065 728/670/833 562/675/837
f 567/682/844 644/912/1068 843/913/1069 731/683/845
s off
f 910/914/1070 909/445/1071 958/835/1072 957/864/1073
s 47
f 843/913/1069 633/883/1041 558/664/827 645/915/1074
f 731/683/845 843/913/1069 645/915/1074 566/684/846
f 558/664/827 722/663/826 844/916/1075 645/915/1074
f 722/663/826 521/662/825 733/686/848 844/916/1075
f 844/916/1075 733/686/848 568/685/847 646/917/1076
f 645/915/1074 844/916/1075 646/917/1076 566/684/846
f 568/685/847 647/918/1077 845/919/1078 646/917/1076
f 647/918/1077 519/845/1001 613/843/999 845/919/1078
f 845/919/1078 613/843/999 540/676/838 732/679/841
f 646/917/1076 845/919/1078 732/679/841 566/684/846
f 570/690/852 648/920/1079 846/921/1080 735/691/853
s off
f 941/922/1081 940/923/1082 942/924/1083 943/925/1084
s 47
f 846/921/1080 649/926/1085 571/707/869 650/927/1086
f 735/691/853 846/921/1080 650/927/1086 569/692/854
f 571/707/869 742/706/868 847/928/1087 650/927/1086
f 742/706/868 522/697/859 737/694/856 847/928/1087
f 847/928/1087 737/694/856 572/693/855 651/929/1088
f 650/927/1086 847/928/1087 651/929/1088 569/692/854
f 572/693/855 652/930/1089 848/931/1090 651/929/1088
f 652/930/1089 519/845/1001 647/918/1077 848/931/1090
f 848/931/1090 647/918/1077 568/685/847 736/688/850
f 651/929/1088 848/931/1090 736/688/850 569/692/854
f 544/699/861 616/853/1009 849/932/1091 739/700/862
s off
f 907/933/1092 908/934/1093 956/863/1094 955/885/1095
s 47
f 849/932/1091 653/935/1096 574/821/978 654/936/1097
f 739/700/862 849/932/1091 654/936/1097 573/701/863
f 574/821/978 794/820/977 850/937/1098 654/936/1097
f 794/820/977 523/626/789 705/623/786 850/937/1098
f 850/937/1098 705/623/786 541/622/785 655/938/1099
f 654/936/1097 850/937/1098 655/938/1099 573/701/863
f 541/622/785 614/846/1002 851/939/1100 655/938/1099
f 614/846/1002 519/845/1001 652/930/1089 851/939/1100
f 851/939/1100 652/930/1089 572/693/855 740/696/858
f 655/938/1099 851/939/1100 740/696/858 573/701/863
f 571/707/869 649/926/1085 852/940/1101 743/708/870
f 852/940/1101 656/941/1102 576/942/962 657/943/1103
f 743/708/870 852/940/1101 657/943/1103 575/709/871
f 576/942/962 786/944/961 853/945/1104 657/943/1103
f 786/944/961 525/714/876 745/711/873 853/945/1104
f 853/945/1104 745/711/873 577/710/872 658/946/1105
f 657/943/1103 853/945/1104 658/946/1105 575/709/871
f 577/710/872 659/947/1106 854/948/1107 658/946/1105
f 659/947/1106 524/859/1015 619/857/1013 854/948/1107
f 854/948/1107 619/857/1013 545/702/864 744/705/867
f 658/946/1105 854/948/1107 744/705/867 575/709/871
f 579/716/878 660/949/1108 855/950/1109 747/717/879
s 46
f 949/951/1110 945/952/1111 901/953/1112 953/954/1113
s 47
f 855/950/1109 661/955/1114 580/733/895 662/956/1115
f 747/717/879 855/950/1109 662/956/1115 578/718/880
f 580/733/895 754/732/894 856/957/1116 662/956/1115
f 754/732/894 526/723/885 749/720/882 856/957/1116
f 856/957/1116 749/720/882 581/719/881 663/958/1117
f 662/956/1115 856/957/1116 663/958/1117 578/718/880
f 581/719/881 664/959/1118 857/960/1119 663/958/1117
f 664/959/1118 524/859/1015 659/947/1106 857/960/1119
f 857/960/1119 659/947/1106 577/710/872 748/713/875
f 663/958/1117 857/960/1119 748/713/875 578/718/880
f 549/725/887 622/865/1023 858/961/1120 751/726/888
s 46
f 948/962/1121 949/951/1110 953/954/1113 952/963/1122
s 47
f 858/961/1120 665/964/1123 583/965/986 666/966/1124
f 751/726/888 858/961/1120 666/966/1124 582/727/889
f 583/965/986 798/967/985 859/968/1125 666/966/1124
f 798/967/985 527/635/798 709/632/795 859/968/1125
f 859/968/1125 709/632/795 546/631/794 667/969/1126
f 666/966/1124 859/968/1125 667/969/1126 582/727/889
f 546/631/794 620/860/1016 860/970/1127 667/969/1126
f 620/860/1016 524/859/1015 664/959/1118 860/970/1127
f 860/970/1127 664/959/1118 581/719/881 752/722/884
f 667/969/1126 860/970/1127 752/722/884 582/727/889
f 580/733/895 661/955/1114 861/971/1128 755/734/896
s 46
f 947/972/1129 948/962/1121 952/963/1122 951/973/1130
s 47
f 861/971/1128 668/974/1131 585/975/954 669/976/1132
f 755/734/896 861/971/1128 669/976/1132 584/735/897
f 585/975/954 782/977/953 862/978/1133 669/976/1132
f 782/977/953 529/740/902 757/737/899 862/978/1133
f 862/978/1133 757/737/899 586/736/898 670/979/1134
f 669/976/1132 862/978/1133 670/979/1134 584/735/897
f 586/736/898 671/980/1135 863/981/1136 670/979/1134
f 671/980/1135 528/871/1029 625/869/1027 863/981/1136
f 863/981/1136 625/869/1027 550/728/890 756/731/893
f 670/979/1134 863/981/1136 756/731/893 584/735/897
f 588/742/904 672/982/1137 864/983/1138 759/743/905
s 46
f 946/984/1139 947/972/1129 951/973/1130 950/985/1140
s 47
f 864/983/1138 673/986/1141 589/759/921 674/987/1142
f 759/743/905 864/983/1138 674/987/1142 587/744/906
f 589/759/921 766/758/920 865/988/1143 674/987/1142
f 766/758/920 530/749/911 761/746/908 865/988/1143
f 865/988/1143 761/746/908 590/745/907 675/989/1144
f 674/987/1142 865/988/1143 675/989/1144 587/744/906
f 590/745/907 676/990/1145 866/991/1146 675/989/1144
f 676/990/1145 528/871/1029 671/980/1135 866/991/1146
f 866/991/1146 671/980/1135 586/736/898 760/739/901
f 675/989/1144 866/991/1146 760/739/901 587/744/906
f 554/751/913 628/875/1033 867/992/1147 763/752/914
f 867/992/1147 639/993/1055 563/994/835 677/995/1148
f 763/752/914 867/992/1147 677/995/1148 591/753/915
f 563/994/835 726/996/834 868/997/1149 677/995/1148
f 726/996/834 531/644/807 713/641/804 868/997/1149
f 868/997/1149 713/641/804 551/640/803 678/998/1150
f 677/995/1148 868/997/1149 678/998/1150 591/753/915
f 551/640/803 626/872/1030 869/999/1151 678/998/1150
f 626/872/1030 528/871/1029 676/990/1145 869/999/1151
f 869/999/1151 676/990/1145 590/745/907 764/748/910
f 678/998/1150 869/999/1151 764/748/910 591/753/915
f 589/759/921 673/986/1141 870/1000/1152 767/760/922
f 870/1000/1152 679/1001/1153 593/1002/946 680/1003/1154
f 767/760/922 870/1000/1152 680/1003/1154 592/761/923
f 593/1002/946 778/1004/945 871/1005/1155 680/1003/1154
f 778/1004/945 533/766/928 769/763/925 871/1005/1155
f 871/1005/1155 769/763/925 594/762/924 681/1006/1156
f 680/1003/1154 871/1005/1155 681/1006/1156 592/761/923
f 594/762/924 682/1007/1157 872/1008/1158 681/1006/1156
f 682/1007/1157 532/881/1039 631/879/1037 872/1008/1158
f 872/1008/1158 631/879/1037 555/754/916 768/757/919
f 681/1006/1156 872/1008/1158 768/757/919 592/761/923
f 559/768/930 634/1009/1047 873/1010/1159 771/769/931
s 46
f 901/1011/1112 945/1012/1111 915/1013/1160 924/1014/1161
s 47
f 873/1010/1159 644/1015/1068 567/1016/844 683/1017/1162
f 771/769/931 873/1010/1159 683/1017/1162 595/770/932
f 567/1016/844 730/1018/843 874/1019/1163 683/1017/1162
f 730/1018/843 520/775/842 773/772/934 874/1019/1163
f 874/1019/1163 773/772/934 596/771/933 684/1020/1164
f 683/1017/1162 874/1019/1163 684/1020/1164 595/770/932
f 596/771/933 685/1021/1165 875/1022/1166 684/1020/1164
f 685/1021/1165 532/881/1039 682/1007/1157 875/1022/1166
f 875/1022/1166 682/1007/1157 594/762/924 772/765/927
f 684/1020/1164 875/1022/1166 772/765/927 595/770/932
f 539/777/938 610/1023/995 876/1024/1167 775/778/939
s 72
f 932/1025/1168 922/1026/1169 937/1027/1170 939/1028/1171
s 47
f 876/1024/1167 686/1029/1172 598/1030/970 687/1031/1173
f 775/778/939 876/1024/1167 687/1031/1173 597/779/940
f 598/1030/970 790/1032/969 877/1033/1174 687/1031/1173
f 790/1032/969 534/653/816 717/650/813 877/1033/1174
f 877/1033/1174 717/650/813 556/649/812 688/1034/1175
f 687/1031/1173 877/1033/1174 688/1034/1175 597/779/940
f 556/649/812 632/882/1040 878/1035/1176 688/1034/1175
f 632/882/1040 532/881/1039 685/1021/1165 878/1035/1176
f 878/1035/1176 685/1021/1165 596/771/933 776/774/936
f 688/1034/1175 878/1035/1176 776/774/936 597/779/940
f 593/786/946 679/1036/1153 879/1037/1177 779/787/947
s 72
f 933/1038/1178 932/1025/1168 939/1028/1171 938/1039/1179
s 47
f 879/1037/1177 672/1040/1137 588/1041/904 689/1042/1180
f 779/787/947 879/1037/1177 689/1042/1180 599/788/948
f 588/1041/904 758/1043/903 880/1044/1181 689/1042/1180
f 758/1043/903 529/793/902 781/790/950 880/1044/1181
f 880/1044/1181 781/790/950 600/789/949 690/1045/1182
f 689/1042/1180 880/1044/1181 690/1045/1182 599/788/948
f 600/789/949 691/1046/1183 881/1047/1184 690/1045/1182
f 691/1046/1183 535/894/1053 637/892/1051 881/1047/1184
f 881/1047/1184 637/892/1051 560/780/941 780/783/944
f 690/1045/1182 881/1047/1184 780/783/944 599/788/948
f 585/795/954 668/1048/1131 882/1049/1185 783/796/955
s 72
f 917/1050/1186 933/1038/1178 938/1039/1179 936/1051/1187
s 47
f 882/1049/1185 660/1052/1108 579/1053/878 692/1054/1188
f 783/796/955 882/1049/1185 692/1054/1188 601/797/956
f 579/1053/878 746/1055/877 883/1056/1189 692/1054/1188
f 746/1055/877 525/802/876 785/799/958 883/1056/1189
f 883/1056/1189 785/799/958 602/798/957 693/1057/1190
f 692/1054/1188 883/1056/1189 693/1057/1190 601/797/956
f 602/798/957 694/1058/1191 884/1059/1192 693/1057/1190
f 694/1058/1191 535/894/1053 691/1046/1183 884/1059/1192
f 884/1059/1192 691/1046/1183 600/789/949 784/792/952
f 693/1057/1190 884/1059/1192 784/792/952 601/797/956
f 576/804/962 656/1060/1102 885/1061/1193 787/805/963
s 72
f 922/1026/1169 917/1050/1186 936/1051/1187 937/1027/1170
s 47
f 885/1061/1193 648/920/1079 570/690/852 695/1062/1194
f 787/805/963 885/1061/1193 695/1062/1194 603/806/964
f 570/690/852 734/689/851 886/1063/1195 695/1062/1194
f 734/689/851 521/662/825 721/659/822 886/1063/1195
f 886/1063/1195 721/659/822 561/658/821 696/1064/1196
f 695/1062/1194 886/1063/1195 696/1064/1196 603/806/964
f 561/658/821 638/895/1054 887/1065/1197 696/1064/1196
f 638/895/1054 535/894/1053 694/1058/1191 887/1065/1197
f 887/1065/1197 694/1058/1191 602/798/957 788/801/960
f 696/1064/1196 887/1065/1197 788/801/960 603/806/964
f 598/813/970 686/1066/1172 888/1067/1198 791/814/971
s off
f 929/1068/1199 922/1026/1200 932/1025/1201 935/1069/1202
s 47
f 888/1067/1198 609/833/989 538/628/791 697/1070/1203
f 791/814/971 888/1067/1198 697/1070/1203 604/815/972
f 538/628/791 706/627/790 889/1071/1204 697/1070/1203
f 706/627/790 523/626/789 793/817/974 889/1071/1204
f 889/1071/1204 793/817/974 605/816/973 698/1072/1205
f 697/1070/1203 889/1071/1204 698/1072/1205 604/815/972
f 605/816/973 699/1073/1206 890/1074/1207 698/1072/1205
f 699/1073/1206 536/910/1066 642/908/1064 890/1074/1207
f 890/1074/1207 642/908/1064 564/807/965 792/810/968
f 698/1072/1205 890/1074/1207 792/810/968 604/815/972
f 574/821/978 653/935/1096 891/1075/1208 795/822/979
s off
f 930/1076/1209 929/1068/1210 935/1069/1211 934/1077/1212
s 47
f 891/1075/1208 615/1078/1003 543/1079/800 700/1080/1213
f 795/822/979 891/1075/1208 700/1080/1213 606/823/980
f 543/1079/800 710/1081/799 892/1082/1214 700/1080/1213
f 710/1081/799 527/828/798 797/825/982 892/1082/1214
f 892/1082/1214 797/825/982 607/824/981 701/1083/1215
f 700/1080/1213 892/1082/1214 701/1083/1215 606/823/980
f 607/824/981 702/1084/1216 893/1085/1217 701/1083/1215
f 702/1084/1216 536/910/1066 699/1073/1206 893/1085/1217
f 893/1085/1217 699/1073/1206 605/816/973 796/819/976
f 701/1083/1215 893/1085/1217 796/819/976 606/823/980
f 583/830/986 665/1086/1123 894/1087/1218 799/831/987
s off
f 917/1050/1219 930/1076/1220 934/1077/1221 933/1038/1222
s 47
f 894/1087/1218 621/1088/1017 548/1089/809 703/1090/1223
f 799/831/987 894/1087/1218 703/1090/1223 608/832/988
f 548/1089/809 714/1091/808 895/1092/1224 703/1090/1223
f 714/1091/808 531/671/807 725/668/831 895/1092/1224
f 895/1092/1224 725/668/831 565/667/830 704/1093/1225
f 703/1090/1223 895/1092/1224 704/1093/1225 608/832/988
f 565/667/830 643/911/1067 896/1094/1226 704/1093/1225
f 643/911/1067 536/910/1066 702/1084/1216 896/1094/1226
f 896/1094/1226 702/1084/1216 607/824/981 800/827/984
f 704/1093/1225 896/1094/1226 800/827/984 608/832/988
s off
f 939/1028/1227 937/1027/1228 941/922/1229 943/925/1230
f 902/531/1231 903/446/1232 898/1095/1233 897/1096/1234
f 902/1097/1235 897/370/1236 899/369/1237 900/1098/1238
f 936/1051/1239 938/1039/1240 942/924/1241 940/923/1242
f 909/445/1243 910/914/1244 905/1099/1245 904/1100/1246
f 905/1101/1247 910/1102/1248 908/1103/1249 906/1104/1250
s 73
f 929/1105/1251 930/1106/1252 931/1107/1253 925/1108/1254
s off
f 898/1095/1255 903/446/1256 909/445/1257 904/1100/1258
f 938/1039/1259 939/1028/1260 943/925/1261 942/924/1262
f 937/1027/1263 936/1051/1264 940/923/1265 941/922/1266
s 46
f 915/1013/1160 914/1109/1267 918/1110/1268 924/1014/1161
f 914/1109/1267 913/1111/1269 919/1112/1270 918/1110/1268
f 913/1111/1269 912/1113/1271 920/1114/1272 919/1112/1270
f 912/1113/1271 911/1115/1273 921/1116/1274 920/1114/1272
f 911/1115/1273 917/397/1275 922/1117/1276 921/1116/1274
s off
f 904/899/1277 905/1118/1278 926/1119/1279 925/900/1280
f 905/1118/1281 906/1120/1282 927/1121/1283 926/1119/1284
f 906/1120/1285 923/1122/1286 928/1123/1287 927/1121/1288
f 923/1122/1289 922/1124/1290 929/1125/1291 928/1123/1292
s 22
f 224/373/540 439/368/535 223/367/534 125/1126/1293
f 230/387/554 442/384/549 229/383/548 127/1127/1294
f 236/399/568 445/396/563 235/395/562 129/1128/1295
f 242/409/578 448/408/577 241/407/576 131/1129/1296
f 126/1130/1297 248/421/592 451/418/587 247/417/586
f 131/1131/1296 241/433/576 454/432/601 253/431/600
f 247/417/586 457/444/610 258/443/609 126/1130/1297
f 263/456/622 460/455/621 262/454/620 128/1132/1298
f 267/463/629 463/462/628 230/387/554 127/1127/1294
f 270/473/639 466/468/634 263/456/622 128/1132/1298
f 275/485/651 469/482/646 274/481/645 130/1133/1299
f 279/494/662 472/491/657 236/399/568 129/1128/1295
f 282/504/672 475/501/667 275/485/651 130/1133/1299
f 287/514/684 478/513/679 286/512/678 132/1134/1300
f 253/523/600 481/520/690 242/409/578 131/1129/1296
f 293/532/704 484/530/699 287/514/684 132/1134/1300
f 258/542/609 487/541/710 248/540/592 126/1135/1297
f 300/552/721 490/551/720 224/550/540 125/1136/1293
f 132/1137/1300 286/563/678 493/560/726 293/559/704
f 130/1138/1299 274/577/645 496/572/737 282/571/672
f 128/1132/1298 262/454/620 499/586/747 270/585/639
f 125/1126/1293 223/367/534 502/594/756 300/593/721
f 127/1127/1294 229/605/548 505/602/766 267/463/629
f 129/1139/1295 235/615/562 508/614/776 279/613/662
s 47
f 610/837/995 825/834/990 609/833/989 511/1140/1301
f 616/853/1009 828/848/1004 615/847/1003 513/1141/1302
f 622/865/1023 831/862/1018 621/861/1017 515/1142/1303
f 628/875/1033 834/874/1032 627/873/1031 517/1143/1304
f 512/1144/1305 634/886/1047 837/884/1042 633/883/1041
f 517/1145/1304 627/902/1031 840/897/1056 639/896/1055
f 633/883/1041 843/913/1069 644/912/1068 512/1144/1305
f 649/926/1085 846/921/1080 648/920/1079 514/1146/1306
f 653/935/1096 849/932/1091 616/853/1009 513/1141/1302
f 656/941/1102 852/940/1101 649/926/1085 514/1146/1306
f 661/955/1114 855/950/1109 660/949/1108 516/1147/1307
f 665/964/1123 858/961/1120 622/865/1023 515/1142/1303
f 668/974/1131 861/971/1128 661/955/1114 516/1147/1307
f 673/986/1141 864/983/1138 672/982/1137 518/1148/1308
f 639/993/1055 867/992/1147 628/875/1033 517/1143/1304
f 679/1001/1153 870/1000/1152 673/986/1141 518/1148/1308
f 644/1015/1068 873/1010/1159 634/1009/1047 512/1149/1305
f 686/1029/1172 876/1024/1167 610/1023/995 511/1150/1301
f 518/1151/1308 672/1040/1137 879/1037/1177 679/1036/1153
f 516/1152/1307 660/1052/1108 882/1049/1185 668/1048/1131
f 514/1146/1306 648/920/1079 885/1061/1193 656/1060/1102
f 511/1140/1301 609/833/989 888/1067/1198 686/1066/1172
f 513/1141/1302 615/1078/1003 891/1075/1208 653/935/1096
f 515/1153/1303 621/1088/1017 894/1087/1218 665/1086/1123
s off
f 910/914/1309 957/864/1310 956/863/1311 908/934/1312
f 956/863/1313 961/595/1314 960/603/1315 955/885/1316
f 958/835/1317 963/573/1318 962/587/1319 957/864/1320
f 981/371/1321 982/420/1322 983/398/1323 984/386/1324 985/372/1325
f 964/575/1326 965/604/1327 966/596/1328 967/588/1329 968/576/1330
s 73
f 925/1108/1254 926/1154/1331 927/1155/1332 928/1156/1333 929/1105/1251
s off
f 974/471/1334 975/503/1335 976/493/1336 977/484/1337 978/472/1338
s 46
f 916/385/1339 917/397/1275 911/1115/1273
f 916/385/1339 911/1115/1273 912/1113/1271
f 916/385/1339 912/1113/1271 913/1111/1269
f 916/385/1339 913/1111/1269 914/1109/1267
f 916/385/1339 914/1109/1267 915/1013/1160
f 923/1157/1340 924/1014/1161 918/1110/1268
f 923/1157/1340 918/1110/1268 919/1112/1270
f 923/1157/1340 919/1112/1270 920/1114/1272
f 923/1157/1340 920/1114/1272 921/1116/1274
f 923/1157/1340 921/1116/1274 922/1117/1276
f 944/1158/1341 946/1159/1139 986/1160/1342 994/1161/728
f 944/1158/1341 947/1158/1129 946/1159/1139
f 944/1158/1341 948/1158/1121 947/1158/1129
f 944/1158/1341 949/1158/1110 948/1158/1121
f 944/1158/1341 945/1158/1111 949/1158/1110
f 950/1162/1140 951/1158/1130 907/1163/1343
f 951/1158/1130 952/1158/1122 907/1163/1343
f 952/1158/1122 953/1158/1113 907/1163/1343
f 953/1158/1113 901/1158/1112 907/1163/1343
f 907/933/1343 901/1011/1112 924/1014/1161 923/1157/1340 906/1164/1344 908/934/1345
f 945/1012/1111 944/522/1341 900/521/1346 899/369/1347 916/385/1339 915/1013/1160
f 987/1165/1348 986/1166/1342 946/984/1139 950/985/1140 1001/1167/1349 1009/1168/1350
f 993/562/729 992/1169/1351 903/446/1352 971/492/1353 970/502/1354
f 1002/1170/1355 1001/1171/1349 950/1162/1140 907/1163/1343
f 1003/1172/1356 1002/1173/1355 907/933/1357 955/885/1358 954/836/1359
s off
f 1004/1174/1360 1003/1172/1361 954/1175/1362 958/835/1363 909/445/1364
s 76
f 992/1169/1365 991/1176/1366 996/1177/1367 995/1178/1368
f 991/1176/1366 990/1179/1369 997/1180/1370 996/1177/1367
f 990/1179/1369 989/1181/1371 998/1182/1372 997/1180/1370
f 989/1181/1371 988/1183/1373 999/1184/1374 998/1182/1372
f 988/1183/1373 987/1185/1375 1000/1186/1376 999/1184/1374
f 1009/1187/1377 1008/1188/1378 1011/1189/1379 1010/1190/1380
f 1008/1188/1378 1007/1191/1381 1012/1192/1382 1011/1189/1379
f 1007/1191/1381 1006/1193/1383 1013/1194/1384 1012/1192/1382
f 1006/1193/1383 1005/1195/1385 1014/1196/1386 1013/1194/1384
f 1005/1195/1385 1004/1174/1387 1015/1197/1388 1014/1196/1386
f 903/446/1389 992/1169/1365 995/1178/1368 980/447/1390
f 1015/1197/1388 1004/1174/1387 909/445/1391 979/448/1392
f 1000/1186/1376 987/1185/1375 1009/1187/1377 1010/1190/1380
f 995/1178/1393 1015/1197/1394 979/448/1395 980/447/1396
f 995/1178/1393 996/1177/1397 1014/1196/1398 1015/1197/1394
f 996/1177/1397 997/1180/1399 1013/1194/1400 1014/1196/1398
f 997/1180/1399 998/1182/1401 1012/1192/1402 1013/1194/1400
f 998/1182/1401 999/1184/1374 1011/1189/1379 1012/1192/1402
f 999/1184/1374 1000/1186/1376 1010/1190/1380 1011/1189/1379
s 46
f 987/1185/1348 988/1183/1403 1016/1198/1404 986/1199/1342
f 986/1199/1342 1016/1198/1404 1017/1200/1405 994/561/728
f 994/561/728 1017/1200/1405 1018/1201/1406 993/562/729
f 993/562/729 1018/1201/1406 991/1176/1407 992/1169/1351
f 988/1183/1403 989/1181/1408 1019/1202/1409 1016/1198/1404
f 1016/1198/1404 1019/1202/1409 1020/1203/1410 1017/1200/1405
f 1017/1200/1405 1020/1203/1410 1021/1204/1411 1018/1201/1406
f 1018/1201/1406 1021/1204/1411 990/1179/1412 991/1176/1407
f 990/1179/1412 1021/1204/1411 1020/1203/1410 1019/1202/1409 989/1181/1408
f 1004/1174/1413 1005/1195/1414 1022/1205/1415 1003/1172/1356
f 1003/1172/1356 1022/1205/1415 1023/1206/1416 1002/1207/1355
f 1002/1207/1355 1023/1206/1416 1024/1208/1417 1001/1209/1349
f 1001/1209/1349 1024/1208/1417 1008/1188/1418 1009/1187/1350
f 1005/1195/1414 1006/1193/1419 1025/1210/1420 1022/1205/1415
f 1022/1205/1415 1025/1210/1420 1026/1211/1421 1023/1206/1416
f 1023/1206/1416 1026/1211/1421 1027/1212/1422 1024/1208/1417
f 1024/1208/1417 1027/1212/1422 1007/1191/1423 1008/1188/1418
f 1007/1191/1423 1027/1212/1422 1026/1211/1421 1025/1210/1420 1006/1193/1419
s off
f 983/398/1424 982/420/1425 931/1107/1426 930/1106/1427
